Código município;Cor/raça;Estado civil;Faixa etária;Gênero;Grau de instrução;Município;Nome candidato;Número candidato;Ocupação;Partido;Região;Situação totalização;Votos válidos;Votos nominais;Data de carga
13897;Branca;Casado(a);35 a 39 anos;Masculino;Superior completo;FORTALEZA;WAGNER SOUSA GOMES;22;Militar Reformado;PR;NORDESTE;Segundo turno;1286510;400802;2026-01-19 14:01:28
13510;Parda;Casado(a);50 a 54 anos;Masculino;Ensino Fundamental completo;CAMOCIM;PAULO ROGER VIEIRA DE ARAÚJO;10;Empresário;PRB;NORDESTE;Não Eleito;36581;1078;2026-01-19 14:01:28
13498;Branca;Solteiro(a);40 a 44 anos;Masculino;Ensino Médio completo;BREJO SANTO;JORGE ADRIANO DE SOUSA;15;Eletricista e Assemelhados;PMDB;NORDESTE;Não Eleito;26268;6382;2026-01-19 14:01:28
14419;Branca;Solteiro(a);35 a 39 anos;Feminino;Superior completo;JAGUARUANA;ANA TERESA BARBOSA DE CARVALHO;13;Prefeito;PT;NORDESTE;Não Eleito;23142;11147;2026-01-19 14:01:28
13226;Indígena;Casado(a);55 a 59 anos;Masculino;Superior completo;EUSÉBIO;JARBAS BEZERRA XAVIER;65;Servidor Público Federal;PC do B;NORDESTE;Não Eleito;31849;265;2026-01-19 14:01:28
15458;Parda;Casado(a);45 a 49 anos;Masculino;Superior incompleto;SANTA QUITÉRIA;MARCELO HENRIQUE MARTINS MAGALHAES;14;Empresário;PTB;NORDESTE;Não Eleito;25990;2885;2026-01-19 14:01:28
98531;Parda;Casado(a);60 a 64 anos;Feminino;Superior completo;QUIXELÔ;MARIA DE FATIMA ARAUJO;13;Pedagogo;PT;NORDESTE;Eleito;11064;5618;2026-01-19 14:01:28
13145;Parda;Divorciado(a);30 a 34 anos;Masculino;Superior completo;ACARAPE;FRANKLIN VERISSIMO OLIVEIRA;55;Prefeito;PSD;NORDESTE;Eleito;10297;5511;2026-01-19 14:01:28
15695;Branca;Viúvo(a);75 a 79 anos;Masculino;Superior completo;TIANGUÁ;LUIZ MENEZES DE LIMA;55;Aposentado (Exceto Servidor Público);PSD;NORDESTE;Eleito;39140;20268;2026-01-19 14:01:28
15555;Branca;Casado(a);50 a 54 anos;Masculino;Superior completo;SENADOR POMPEU;ANTONIO MAURÍCIO PINHEIRO JUCÁ;12;Policial Civil;PDT;NORDESTE;Eleito;16483;10137;2026-01-19 14:01:28
15830;Parda;Casado(a);25 a 29 anos;Masculino;Superior incompleto;VIÇOSA DO CEARÁ;DIVALDO CARNEIRO SOARES;12;Empresário;PDT;NORDESTE;Não Eleito;34178;14122;2026-01-19 14:01:28
14311;Branca;Casado(a);60 a 64 anos;Masculino;Ensino Médio completo;ITAPIÚNA;VALDECI ARAUJO FREITAS;65;Comerciante;PC do B;NORDESTE;Não Eleito;12789;644;2026-01-19 14:01:28
13307;Branca;Casado(a);35 a 39 anos;Masculino;Superior completo;OCARA;ANTONIO LEOMAR PEIXOTO FARIAS;12;Médico;PDT;NORDESTE;Não Eleito;19753;9522;2026-01-19 14:01:28
14176;Branca;Solteiro(a);25 a 29 anos;Masculino;Superior incompleto;IPU;DIEGO JOSE DE LIMA CARLOS;12;Empresário;PDT;NORDESTE;Não Eleito;23982;11098;2026-01-19 14:01:28
15890;Parda;Casado(a);40 a 44 anos;Masculino;Ensino Fundamental incompleto;CRUZ;ODAIR JOSE MENDES DE VASCONCELOS;13;Prefeito;PT;NORDESTE;Não Eleito;16321;7544;2026-01-19 14:01:28
15610;Branca;Casado(a);40 a 44 anos;Masculino;Superior completo;SOLONÓPOLE;CARLOS KLEBER DE SOUSA CHAVES;31;Servidor Público Municipal;PHS;NORDESTE;Não Eleito;11562;91;2026-01-19 14:01:28
13242;Branca;Divorciado(a);45 a 49 anos;Masculino;Superior incompleto;GUAIÚBA;MARCELO DE CASTRO FRADIQUE ACCIOLY;22;Comerciante;PR;NORDESTE;Eleito;15888;8725;2026-01-19 14:01:28
14079;Branca;Casado(a);30 a 34 anos;Masculino;Superior incompleto;IBIAPINA;ANTONIO LEANDRO GOMES LINHARES;22;Empresário;PR;NORDESTE;Eleito;13282;7964;2026-01-19 14:01:28
15954;Parda;Solteiro(a);40 a 44 anos;Masculino;Superior completo;ITAREMA;ALISANDRE MIRANDA COELHO;65;Empresário;PC do B;NORDESTE;Não Eleito;24730;6251;2026-01-19 14:01:28
15539;Branca;Casado(a);50 a 54 anos;Feminino;Superior completo;SÃO LUÍS DO CURU;JOSÉLIA MOURA AGUIAR BARROSO;55;Professor de Ensino Fundamental;PSD;NORDESTE;Não Eleito;10062;3902;2026-01-19 14:01:28
13404;Branca;Solteiro(a);55 a 59 anos;Masculino;Superior completo;BARROQUINHA;ADEMAR PINTO VERAS;14;Professor de Ensino Superior;PTB;NORDESTE;Eleito;10522;5425;2026-01-19 14:01:28
15997;Parda;Solteiro(a);25 a 29 anos;Masculino;Superior completo;PARAIPABA;DIMITRI RABELO BATISTA CASTRO;45;Administrador;PSDB;NORDESTE;Eleito;20064;10568;2026-01-19 14:01:28
15490;Branca;Casado(a);45 a 49 anos;Masculino;Superior completo;SÃO GONÇALO DO AMARANTE;FRANCISCO CLÁUDIO PINTO PINHO;12;Tabelião;PDT;NORDESTE;Eleito;34092;21065;2026-01-19 14:01:28
14095;Branca;Casado(a);25 a 29 anos;Feminino;Superior completo;ICÓ;ANA LAIS PEIXOTO CORREIA NUNES;35;Administrador;PMB;NORDESTE;Eleito;38990;20398;2026-01-19 14:01:28
15598;Parda;Casado(a);55 a 59 anos;Masculino;Superior completo;SOBRAL;FRANCISCO JOSE ALVES GUIMARAES;45;Servidor Público Federal;PSDB;NORDESTE;Não Eleito;112569;8917;2026-01-19 14:01:28
14010;Parda;Casado(a);50 a 54 anos;Masculino;Superior completo;GUARACIABA DO NORTE;ANTONIO ADAIL MACHADO CASTRO;15;Médico;PMDB;NORDESTE;Eleito;23429;15870;2026-01-19 14:01:28
14036;Branca;Casado(a);30 a 34 anos;Feminino;Superior completo;GUARAMIRANGA;ROBERLANDIA FERREIRA CASTELO BRANCO;12;Comerciante;PDT;NORDESTE;Eleito;4801;2264;2026-01-19 14:01:28
13951;Parda;Casado(a);25 a 29 anos;Feminino;Superior completo;GRANJA;AMANDA ARRUDA MENEZES;12;Administrador;PDT;NORDESTE;Eleito;32101;20972;2026-01-19 14:01:28
15920;Parda;Casado(a);45 a 49 anos;Masculino;Ensino Médio completo;IBICUITINGA;FRANCISCO JOSE MAGALHAES CARNEIRO;12;Empresário;PDT;NORDESTE;Eleito;10702;5428;2026-01-19 14:01:28
15253;Branca;Solteiro(a);50 a 54 anos;Masculino;Ensino Médio completo;POTENGI;JOSE EDIVANIO FERREIRA DOS SANTOS;22;Vereador;PR;NORDESTE;Não Eleito;5120;1751;2026-01-19 14:01:28
14117;Branca;Divorciado(a);50 a 54 anos;Masculino;Superior completo;IGUATU;VANDEILTON SUCUPIRA FRANCELINO;28;Agrônomo;PRTB;NORDESTE;Não Eleito;52519;523;2026-01-19 14:01:28
13994;Branca;Casado(a);60 a 64 anos;Masculino;Ensino Fundamental incompleto;GROAÍRAS;FRANCISCO UELITON MARTINS VASCONCELOS;23;Servidor Público Estadual;PPS;NORDESTE;Eleito;7149;3925;2026-01-19 14:01:28
14079;Parda;Casado(a);50 a 54 anos;Masculino;Superior completo;IBIAPINA;MARCOS ANTONIO DA SILVA LIMA;14;Contador;PTB;NORDESTE;Não Eleito;13282;5318;2026-01-19 14:01:28
13838;Branca;Casado(a);60 a 64 anos;Masculino;Superior completo;CRATEÚS;IVAN MONTE CLAUDINO;55;Servidor Público Federal;PSD;NORDESTE;Não Eleito;41621;4911;2026-01-19 14:01:28
15199;Branca;Solteiro(a);40 a 44 anos;Masculino;Superior completo;PIQUET CARNEIRO;JOSE FRANCO VIEIRA NETO;22;Servidor Público Federal;PR;NORDESTE;Não Eleito;8905;3160;2026-01-19 14:01:28
13382;Branca;Casado(a);30 a 34 anos;Masculino;Superior completo;BANABUIÚ;THIAGO SÁ PONTE;15;Advogado;PMDB;NORDESTE;Não Eleito;11973;4978;2026-01-19 14:01:28
13455;Parda;Casado(a);65 a 69 anos;Masculino;Superior completo;BELA CRUZ;ELIESIO ROCHA ADRIANO;14;Administrador;PTB;NORDESTE;Eleito;16182;8805;2026-01-19 14:01:28
14850;Branca;Solteiro(a);50 a 54 anos;Feminino;Superior completo;NOVA OLINDA;MARIA DO SOCORRO ALVES DE MATOS;13;Professor de Ensino Fundamental;PT;NORDESTE;Não Eleito;9648;3767;2026-01-19 14:01:28
14613;Branca;Casado(a);30 a 34 anos;Masculino;Superior completo;MASSAPÊ;ANTONIO JOSE AGUIAR ALBUQUERQUE;11;Outros;PP;NORDESTE;Não Eleito;23360;10764;2026-01-19 14:01:28
14273;Parda;Casado(a);70 a 74 anos;Masculino;Ensino Fundamental completo;ITAPAJÉ;ANTONIO ARAÚJO CRUZ;15;Comerciante;PMDB;NORDESTE;Não Eleito;28962;9938;2026-01-19 14:01:28
15555;Parda;Divorciado(a);55 a 59 anos;Feminino;Superior completo;SENADOR POMPEU;ADELMA TEIXEIRA SARAIVA;65;Outros;PC do B;NORDESTE;Não Eleito;16483;1052;2026-01-19 14:01:28
13102;Parda;Solteiro(a);40 a 44 anos;Masculino;Superior incompleto;QUITERIANÓPOLIS;CLOVIS LACERDA PEREIRA JUNIOR;15;Supervisor, Inspetor e Agente de Compras e Vendas;PMDB;NORDESTE;Não Eleito;7029;280;2026-01-19 14:01:28
14958;Branca;Divorciado(a);60 a 64 anos;Masculino;Superior completo;PACATUBA;CARLOMANO GOMES MARQUES;15;Deputado;PMDB;NORDESTE;Eleito;35534;11999;2026-01-19 14:01:28
14710;Parda;Casado(a);40 a 44 anos;Masculino;Ensino Médio completo;MOMBAÇA;ECILDO EVANGELISTA FILHO;15;Prefeito;PMDB;NORDESTE;Eleito;24862;13304;2026-01-19 14:01:28
13480;Branca;Casado(a);50 a 54 anos;Masculino;Ensino Médio completo;ITAITINGA;ABEL CERCELINO RANGEL JUNIOR;15;Servidor Público Estadual;PMDB;NORDESTE;Eleito;17332;8585;2026-01-19 14:01:28
13692;Branca;Solteiro(a);40 a 44 anos;Masculino;Superior completo;CASCAVEL;TIAGO LUTIANI OLIVEIRA RIBEIRO;23;Advogado;PPS;NORDESTE;Eleito;39608;16558;2026-01-19 14:01:28
14370;Branca;Casado(a);35 a 39 anos;Masculino;Superior completo;JAGUARIBARA;JOACY ALVES DOS SANTOS JUNIOR;45;Advogado;PSDB;NORDESTE;Eleito;3841;3356;2026-01-19 14:01:28
15733;Parda;Solteiro(a);30 a 34 anos;Masculino;Superior completo;UBAJARA;RENE DE ALMEIDA VASCONCELOS;12;Advogado;PDT;NORDESTE;Eleito;18854;10082;2026-01-19 14:01:28
14591;Branca;Divorciado(a);45 a 49 anos;Masculino;Superior completo;MARTINÓPOLE;FRANCISCO FONTENELE JUNIOR;55;Odontólogo;PSD;NORDESTE;Eleito;8311;4525;2026-01-19 14:01:28
13102;Parda;Casado(a);35 a 39 anos;Masculino;Superior completo;QUITERIANÓPOLIS;JOSÉ BARRETO COUTO NETO;77;Médico;SD;NORDESTE;Eleito;7029;6749;2026-01-19 14:01:28
15954;Branca;Casado(a);70 a 74 anos;Masculino;Lê e escreve;ITAREMA;BENEDITO MONTEIRO DOS SANTOS FILHO;55;Empresário;PSD;NORDESTE;Não Eleito;24730;5023;2026-01-19 14:01:28
14656;Parda;Viúvo(a);65 a 69 anos;Feminino;Superior completo;MERUOCA;MARIA DA CONCEIÇÃO CAVALCANTE DE ALCANTARA;13;Vereador;PT;NORDESTE;Não Eleito;9005;2685;2026-01-19 14:01:28
15415;Branca;Casado(a);45 a 49 anos;Feminino;Superior completo;SANTANA DO ACARAÚ;FRANCISCA EDLUCIA ARAUJO ARCANJO;65;Enfermeiro;PC do B;NORDESTE;Não Eleito;20714;8870;2026-01-19 14:01:28
13471;Branca;Solteiro(a);35 a 39 anos;Feminino;Superior completo;BOA VIAGEM;ALINE CAVALCANTE VIEIRA;22;Agrônomo;PR;NORDESTE;Eleito;30780;19397;2026-01-19 14:01:28
13307;Branca;Casado(a);50 a 54 anos;Feminino;Ensino Médio completo;OCARA;AMALIA LOPES DE SOUSA;11;Empresário;PP;NORDESTE;Eleito;19753;10231;2026-01-19 14:01:28
14311;Preta;Casado(a);50 a 54 anos;Masculino;Ensino Médio completo;ITAPIÚNA;WAUSTON LUIS CAVALCANTE DE FREITAS;12;Empresário;PDT;NORDESTE;Não Eleito;12789;5905;2026-01-19 14:01:28
13161;Branca;Casado(a);55 a 59 anos;Feminino;Superior incompleto;CHOROZINHO;ARGENTINA SAMPAIO PADILHA;15;Prefeito;PMDB;NORDESTE;Não Eleito;14603;6615;2026-01-19 14:01:28
14850;Parda;Casado(a);50 a 54 anos;Masculino;Ensino Médio completo;NOVA OLINDA;AFONSO DOMINGOS SAMPAIO;55;Empresário;PSD;NORDESTE;Eleito;9648;5881;2026-01-19 14:01:28
13285;Parda;Casado(a);45 a 49 anos;Masculino;Ensino Médio incompleto;PINDORETAMA;ROBERTO MILLER COSTA DA ROCHA;55;Policial Militar;PSD;NORDESTE;Não Eleito;14393;6325;2026-01-19 14:01:28
14532;Branca;Casado(a);50 a 54 anos;Masculino;Superior completo;LIMOEIRO DO NORTE;HELIO HERBSTER OLIVEIRA BASTOS;65;Professor de Ensino Médio;PC do B;NORDESTE;Não Eleito;34671;662;2026-01-19 14:01:28
15318;Parda;Divorciado(a);60 a 64 anos;Masculino;Superior completo;QUIXERÉ;FRANCISCO RAIMUNDO SANTIAGO BESSA;12;Empresário;PDT;NORDESTE;Eleito;8209;7392;2026-01-19 14:01:28
14397;Branca;Divorciado(a);60 a 64 anos;Masculino;Superior completo;JAGUARIBE;JOSÉ ABNER NOGUEIRA DIÓGENES PINHEIRO;12;Administrador;PDT;NORDESTE;Eleito;11511;11511;2026-01-19 14:01:28
14931;Branca;Casado(a);35 a 39 anos;Masculino;Superior completo;PACAJUS;PAULO HENRIQUE DE CASTRO PONTES;40;Vereador;PSB;NORDESTE;Não Eleito;39829;9592;2026-01-19 14:01:28
13919;Branca;Divorciado(a);40 a 44 anos;Masculino;Superior completo;FRECHEIRINHA;HELTON LUIS AGUIAR JUNIOR;12;Empresário;PDT;NORDESTE;Não Eleito;9732;4803;2026-01-19 14:01:28
14834;Parda;Casado(a);45 a 49 anos;Feminino;Superior completo;MULUNGU;FRANCISCA VERÔNICA SAMPAIO DE SOUZA;25;Professor de Ensino Fundamental;DEM;NORDESTE;Não Eleito;6795;3089;2026-01-19 14:01:28
98558;Parda;Casado(a);50 a 54 anos;Masculino;Ensino Médio completo;UMIRIM;FRANCISCO JOSE SOUSA;14;Motorista de Veículos de Transporte Coletivo de Passageiros;PTB;NORDESTE;Não Eleito;12444;6021;2026-01-19 14:01:28
14290;Branca;Casado(a);45 a 49 anos;Masculino;Superior completo;ITAPIPOCA;DAGMAURO SOUSA MOREIRA;13;Prefeito;PT;NORDESTE;Não Eleito;71282;27526;2026-01-19 14:01:28
13110;Branca;Casado(a);35 a 39 anos;Masculino;Ensino Médio completo;ALTANEIRA;FRANCISCO RICARDO CARNEIRO ARRAES;15;Comerciante;PMDB;NORDESTE;Não Eleito;4703;2158;2026-01-19 14:01:28
14591;Parda;Casado(a);35 a 39 anos;Masculino;Superior completo;MARTINÓPOLE;JAMES MARTINS PEREIRA BARROS;15;Prefeito;PMDB;NORDESTE;Não Eleito;8311;3638;2026-01-19 14:01:28
13013;Parda;Solteiro(a);40 a 44 anos;Masculino;Ensino Fundamental completo;ABAIARA;FRANCISCO MAMEDE DE MORAIS;10;Comerciante;PRB;NORDESTE;Não Eleito;5643;2754;2026-01-19 14:01:28
14575;Preta;Casado(a);50 a 54 anos;Feminino;Superior completo;MARCO;ANTONIA GLAUCY OSTERNO RIOS;25;Vereador;DEM;NORDESTE;Não Eleito;18200;7450;2026-01-19 14:01:28
13536;Branca;Divorciado(a);50 a 54 anos;Masculino;Superior completo;CAMPOS SALES;FRANCISCO COSTA TORRES JUNIOR;25;Advogado;DEM;NORDESTE;Não Eleito;11422;371;2026-01-19 14:01:28
13897;Branca;Casado(a);60 a 64 anos;Masculino;Superior completo;FORTALEZA;HEITOR CORREIA FÉRRER;40;Deputado;PSB;NORDESTE;Não Eleito;1286510;90510;2026-01-19 14:01:28
15679;Branca;Divorciado(a);40 a 44 anos;Masculino;Superior completo;TAUÁ;CARLOS WINDSON CAVALCANTE MOTA;22;Médico;PR;NORDESTE;Eleito;32481;16287;2026-01-19 14:01:28
15539;Parda;Casado(a);35 a 39 anos;Feminino;Superior incompleto;SÃO LUÍS DO CURU;CAROLINA DE ARAUJO RAMALHO PEQUENO;22;Professor de Ensino Fundamental;PR;NORDESTE;Eleito;10062;6160;2026-01-19 14:01:28
13692;Parda;Solteiro(a);65 a 69 anos;Masculino;Ensino Fundamental incompleto;CASCAVEL;JOSE ISAIAS DE LIMA;43;Empresário;PV;NORDESTE;Não Eleito;39608;10609;2026-01-19 14:01:28
15415;Parda;Divorciado(a);55 a 59 anos;Masculino;Superior completo;SANTANA DO ACARAÚ;RAIMUNDO MARCELO ARCANJO;15;Servidor Público Federal;PMDB;NORDESTE;Eleito;20714;10827;2026-01-19 14:01:28
14117;Parda;Casado(a);50 a 54 anos;Masculino;Ensino Fundamental incompleto;IGUATU;ADERILO ANTUNES ALCANTARA FILHO;55;Agricultor;PSD;NORDESTE;Não Eleito;52519;20439;2026-01-19 14:01:28
15431;Parda;Solteiro(a);25 a 29 anos;Masculino;Superior completo;SANTANA DO CARIRI;PEDRO HENRIQUE CORREIA LOPES;15;Empresário;PMDB;NORDESTE;Eleito;9993;5004;2026-01-19 14:01:28
14214;Parda;Casado(a);60 a 64 anos;Masculino;Superior completo;IRACEMA;JOSE JUAREZ DIOGENES TAVARES;13;Prefeito;PT;NORDESTE;Eleito;8957;5526;2026-01-19 14:01:28
15776;Branca;Casado(a);30 a 34 anos;Masculino;Superior completo;URUBURETAMA;LUIZ VLADEIRTON OLIVEIRA DE QUEIROZ FILHO;55;Administrador;PSD;NORDESTE;Não Eleito;13807;1746;2026-01-19 14:01:28
15156;Branca;Casado(a);50 a 54 anos;Feminino;Superior completo;PENTECOSTE;LUIZA DE MARILAC MARTINS E SILVA PERDIGÃO;55;Advogado;PSD;NORDESTE;Não Eleito;26223;10350;2026-01-19 14:01:28
15695;Branca;Casado(a);55 a 59 anos;Masculino;Ensino Fundamental incompleto;TIANGUÁ;JOSE CARDOSO TERCEIRO;51;Vendedor de Comércio Varejista e Atacadista;PEN;NORDESTE;Não Eleito;41969;192;2026-01-19 14:01:28
15059;Branca;Viúvo(a);80 a 84 anos;Masculino;Ensino Médio completo;PARACURU;JOSÉ RIBAMAR BARROSO BAPTISTA;45;Empresário;PSDB;NORDESTE;Eleito;24158;9778;2026-01-19 14:01:28
13269;Preta;Divorciado(a);45 a 49 anos;Masculino;Superior completo;POTIRETAMA;JOSE EUDES DA SILVA;55;Contador;PSD;NORDESTE;Eleito;4653;2665;2026-01-19 14:01:28
14575;Parda;Casado(a);40 a 44 anos;Masculino;Ensino Médio completo;MARCO;ROGER NEVES AGUIAR;55;Empresário;PSD;NORDESTE;Eleito;18200;10750;2026-01-19 14:01:28
13498;Branca;Casado(a);50 a 54 anos;Feminino;Superior completo;BREJO SANTO;TERESA MARIA LANDIM TAVARES;12;Farmacêutico;PDT;NORDESTE;Eleito;26268;19886;2026-01-19 14:01:28
15350;Branca;Casado(a);30 a 34 anos;Masculino;Superior incompleto;RERIUTABA;OSVALDO HONORIO LEMOS NETO;12;Empresário;PDT;NORDESTE;Eleito;11406;8660;2026-01-19 14:01:28
13340;Branca;Casado(a);25 a 29 anos;Masculino;Superior incompleto;IPAPORANGA;JOSE JONNAS DE SOUSA;65;Estudante, Bolsista, Estagiário e Assemelhados;PC do B;NORDESTE;Não Eleito;6970;104;2026-01-19 14:01:28
14591;Parda;Solteiro(a);40 a 44 anos;Masculino;Superior incompleto;MARTINÓPOLE;JOABE MARTINS VIANA;65;Vendedor de Comércio Varejista e Atacadista;PC do B;NORDESTE;Não Eleito;8311;21;2026-01-19 14:01:28
13838;Parda;Divorciado(a);60 a 64 anos;Masculino;Lê e escreve;CRATEÚS;EDOARDO RODRIGUES MACHADO;28;Empresário;PRTB;NORDESTE;Não Eleito;41621;158;2026-01-19 14:01:28
14230;Branca;Divorciado(a);40 a 44 anos;Feminino;Superior completo;IRAUÇUBA;GERALDINA LOPES BRAGA;55;Servidor Público Municipal;PSD;NORDESTE;Eleito;13460;7894;2026-01-19 14:01:28
13340;Parda;Casado(a);65 a 69 anos;Masculino;Superior completo;IPAPORANGA;FRANCISCO NILSON MOREIRA;15;Engenheiro;PMDB;NORDESTE;Não Eleito;6970;2560;2026-01-19 14:01:28
14931;Branca;Casado(a);40 a 44 anos;Masculino;Ensino Médio completo;PACAJUS;JOSEILTON ABEL SILVA;15;Comerciante;PMDB;NORDESTE;Não Eleito;39829;12552;2026-01-19 14:01:28
15695;Parda;Casado(a);55 a 59 anos;Masculino;Ensino Fundamental completo;TIANGUÁ;JOSE CARDOSO TERCEIRO;51;Vendedor de Comércio Varejista e Atacadista;PEN;NORDESTE;Não Eleito;41714;397;2026-01-19 14:01:28
13137;Branca;Casado(a);70 a 74 anos;Masculino;Ensino Médio completo;ALTO SANTO;ADELMO QUEIROZ DE AQUINO;77;Empresário;SD;NORDESTE;Não Eleito;9974;4964;2026-01-19 14:01:28
14656;Parda;Casado(a);45 a 49 anos;Masculino;Superior completo;MERUOCA;GEORGE LUIZ BERNARDO MARTINS;22;Técnico de Obras Civis, Estradas, Saneamento e Assemelhados;PR;NORDESTE;Não Eleito;9005;290;2026-01-19 14:01:28
13897;Branca;Solteiro(a);45 a 49 anos;Feminino;Superior completo;FORTALEZA;LUIZIANNE DE OLIVEIRA LINS;13;Professor de Ensino Superior;PT;NORDESTE;Não Eleito;1286510;193687;2026-01-19 14:01:28
14834;Parda;Casado(a);30 a 34 anos;Masculino;Superior completo;MULUNGU;ROBERT VIANA LEITAO;33;Empresário;PMN;NORDESTE;Eleito;6795;3706;2026-01-19 14:01:28
13250;Branca;Casado(a);35 a 39 anos;Feminino;Superior completo;ARARIPE;NAIALA DE SOUZA RIBEIRO SALES;12;Médico;PDT;NORDESTE;Não Eleito;13249;5578;2026-01-19 14:01:28
15997;Branca;Casado(a);35 a 39 anos;Feminino;Superior completo;PARAIPABA;ROSIANE MARIA GARCIA PESSOA SOUSA;23;Assistente Social;PPS;NORDESTE;Não Eleito;20064;2493;2026-01-19 14:01:28
14656;Parda;Casado(a);60 a 64 anos;Masculino;Ensino Médio completo;MERUOCA;FRANCISCO ANTONIO FONTELES;11;Empresário;PP;NORDESTE;Eleito;9005;4047;2026-01-19 14:01:28
15490;Branca;Casado(a);50 a 54 anos;Feminino;Superior completo;SÃO GONÇALO DO AMARANTE;MARIA BETHROSE FONTENELE ARAÚJO;35;Deputado;PMB;NORDESTE;Não Eleito;34092;12778;2026-01-19 14:01:28
15474;Parda;Solteiro(a);21 a 24 anos;Masculino;Ensino Médio completo;SÃO BENEDITO;FRANCISCO JOSE BEZERRA GOMES JUNIOR;90;Empresário;PROS;NORDESTE;Não Eleito;26658;12433;2026-01-19 14:01:28
15512;Branca;Casado(a);55 a 59 anos;Masculino;Superior completo;SÃO JOÃO DO JAGUARIBE;ANTONIO CARLOS PESSOA CHAVES;13;Médico;PT;NORDESTE;Não Eleito;6146;2793;2026-01-19 14:01:28
15814;Parda;Solteiro(a);30 a 34 anos;Masculino;Superior completo;VÁRZEA ALEGRE;HOMERO FIUZA DE SOUSA;77;Advogado;SD;NORDESTE;Não Eleito;23460;9940;2026-01-19 14:01:28
13293;Parda;Solteiro(a);30 a 34 anos;Masculino;Ensino Médio completo;ARNEIROZ;ANTONIO NUNES DE SOUSA FILHO;55;Outros;PSD;NORDESTE;Não Eleito;5655;2595;2026-01-19 14:01:28
13005;Parda;Solteiro(a);40 a 44 anos;Masculino;Superior completo;JIJOCA DE JERICOACOARA;FRANCISCO LINDOMAR FILOMENO OLIVEIRA;12;Prefeito;PDT;NORDESTE;Não Eleito;11227;3206;2026-01-19 14:01:28
13870;Branca;Casado(a);35 a 39 anos;Masculino;Superior completo;FARIAS BRITO;JOSE LIBERALINO DE MENEZES NETO;51;Enfermeiro;PEN;NORDESTE;Não Eleito;12151;4512;2026-01-19 14:01:28
15059;Parda;Casado(a);40 a 44 anos;Masculino;Ensino Médio completo;PARACURU;FRANCISCO SIDNEY ANDRADE GOMES;65;Comerciante;PC do B;NORDESTE;Não Eleito;24158;7582;2026-01-19 14:01:28
14311;Parda;Casado(a);45 a 49 anos;Masculino;Superior completo;ITAPIÚNA;FRANCISCO DÁRIO DE OLIVEIRA COELHO;15;Industrial;PMDB;NORDESTE;Eleito;12789;6240;2026-01-19 14:01:28
14931;Parda;Separado(a) judicialmente;50 a 54 anos;Masculino;Superior completo;PACAJUS;FRANCISCO JOSE GOMES;50;Advogado;PSOL;NORDESTE;Não Eleito;39829;952;2026-01-19 14:01:28
14753;Branca;Casado(a);45 a 49 anos;Masculino;Ensino Médio completo;MORADA NOVA;JOSE VANDERLEY NOGUEIRA;13;Empresário;PT;NORDESTE;Eleito;45504;24888;2026-01-19 14:01:28
15440;Parda;Casado(a);35 a 39 anos;Masculino;Superior incompleto;SALITRE;RONDILSON DE ALENCAR RIBEIRO;13;Prefeito;PT;NORDESTE;Eleito;6272;6272;2026-01-19 14:01:28
15610;Branca;Casado(a);50 a 54 anos;Masculino;Superior completo;SOLONÓPOLE;JOSÉ WEBSTON NOGUEIRA PINHEIRO;10;Prefeito;PRB;NORDESTE;Eleito;11562;6178;2026-01-19 14:01:28
13153;Branca;Casado(a);45 a 49 anos;Masculino;Ensino Médio incompleto;ANTONINA DO NORTE;FRANCISCO EVANDRO ARRAIS DE ALMEIDA;77;Empresário;SD;NORDESTE;Eleito;5441;3225;2026-01-19 14:01:28
13196;Branca;Divorciado(a);70 a 74 anos;Masculino;Superior completo;AQUIRAZ;ANTONIO FERNANDO FREITAS GUIMARAES;11;Prefeito;PP;NORDESTE;Não Eleito;43376;14109;2026-01-19 14:01:28
15695;Parda;Casado(a);60 a 64 anos;Masculino;Ensino Fundamental completo;TIANGUÁ;JOSE CARDOSO TERCEIRO;51;Comerciante;PATRI;NORDESTE;Não Eleito;39140;814;2026-01-19 14:01:28
14931;Parda;Casado(a);35 a 39 anos;Masculino;Superior completo;PACAJUS;FLANKY JOSÉ AMARAL CHAVES;11;Empresário;PP;NORDESTE;Eleito;39829;16733;2026-01-19 14:01:28
15172;Parda;Solteiro(a);50 a 54 anos;Masculino;Ensino Médio completo;PEREIRO;RAIMUNDO ESTEVAM NETO;12;Comerciante;PDT;NORDESTE;Eleito;7088;6699;2026-01-19 14:01:28
15652;Branca;Casado(a);50 a 54 anos;Masculino;Superior completo;TAMBORIL;JOSÉ RAMIRO TEIXEIRA JUNIOR;12;Prefeito;PDT;NORDESTE;Não Eleito;16180;7931;2026-01-19 14:01:28
14478;Parda;Casado(a);40 a 44 anos;Masculino;Superior completo;JUAZEIRO DO NORTE;FRANCISCO FABIANO CLAUDIANO DE OLIVEIRA;40;Locutor e Comentarista de Rádio e Televisão e Radialista;PSB;NORDESTE;Não Eleito;129994;9084;2026-01-19 14:01:28
15792;Parda;Solteiro(a);40 a 44 anos;Masculino;Superior completo;URUOCA;FRANCISCO KILSEM PESSOA AQUINO;12;Advogado;PDT;NORDESTE;Eleito;9022;4872;2026-01-19 14:01:28
13471;Branca;Casado(a);35 a 39 anos;Masculino;Ensino Médio completo;BOA VIAGEM;ADRIANO JOSE DA SILVA;10;Empresário;PRB;NORDESTE;Não Eleito;30780;11383;2026-01-19 14:01:28
13072;Branca;Casado(a);45 a 49 anos;Masculino;Superior completo;AIUABA;JOSE ADALBERTO FEITOSA RODRIGUES;15;Empresário;PMDB;NORDESTE;Não Eleito;8486;3598;2026-01-19 14:01:28
13200;Parda;Solteiro(a);30 a 34 anos;Masculino;Ensino Fundamental completo;ERERÊ;ANTONIO NIVALDO MUNIZ DA SILVA;11;Comerciante;PP;NORDESTE;Eleito;4324;2276;2026-01-19 14:01:28
98574;Branca;Casado(a);45 a 49 anos;Feminino;Ensino Fundamental completo;VARJOTA;FRANCISCA CELIA RODRIGUES DE SOUSA;15;Vereador;PMDB;NORDESTE;Eleito;12217;6597;2026-01-19 14:01:28
15091;Parda;Casado(a);75 a 79 anos;Masculino;Ensino Médio completo;PARAMOTI;EDUARDO FEIJÓ SANTOS;12;Outros;PDT;NORDESTE;Eleito;7958;3809;2026-01-19 14:01:28
13897;Indígena;Casado(a);55 a 59 anos;Masculino;Ensino Fundamental completo;FORTALEZA;FRANCISCO DAS CHAGAS GONZAGA;16;Trabalhador de Construção Civil;PSTU;NORDESTE;Não Eleito;1286510;2187;2026-01-19 14:01:28
15750;Parda;Casado(a);50 a 54 anos;Feminino;Ensino Fundamental incompleto;UMARI;MIRINEIDE PINHEIRO MOURA;55;Prefeito;PSD;NORDESTE;Não Eleito;5046;2521;2026-01-19 14:01:28
15334;Parda;Solteiro(a);25 a 29 anos;Masculino;Superior completo;REDENÇÃO;DAVID SANTA CRUZ BENEVIDES;31;Engenheiro;PHS;NORDESTE;Eleito;11386;9506;2026-01-19 14:01:28
14770;Parda;Solteiro(a);35 a 39 anos;Masculino;Ensino Médio completo;MORAÚJO;ALEXANDRE MOREIRA ABREU;10;Empresário;PRB;NORDESTE;Não Eleito;6015;2666;2026-01-19 14:01:28
13838;Parda;Casado(a);60 a 64 anos;Masculino;Ensino Médio completo;CRATEÚS;MARCELO FERREIRA MACHADO;77;Empresário;SD;NORDESTE;Eleito;41621;21064;2026-01-19 14:01:28
98531;Branca;Solteiro(a);30 a 34 anos;Masculino;Superior completo;QUIXELÔ;RAFAEL MACHADO DE OLIVEIRA;22;Advogado;PR;NORDESTE;Não Eleito;11064;241;2026-01-19 14:01:28
13579;Parda;Casado(a);40 a 44 anos;Feminino;Superior completo;CAPISTRANO;INES NASCIMENTO DE OLIVEIRA;45;Professor de Ensino Fundamental;PSDB;NORDESTE;Eleito;12762;7038;2026-01-19 14:01:28
13811;Branca;Casado(a);40 a 44 anos;Masculino;Superior completo;COREAÚ;CARLOS RONER FELIX ALBUQUERQUE;45;Gerente;PSDB;NORDESTE;Eleito;16032;8279;2026-01-19 14:01:28
15920;Parda;Solteiro(a);30 a 34 anos;Masculino;Ensino Médio completo;IBICUITINGA;JOSÉ ZAIRTON GIRÃO MAIA JUNIOR;11;Empresário;PP;NORDESTE;Não Eleito;10702;5274;2026-01-19 14:01:28
13056;Branca;Casado(a);55 a 59 anos;Masculino;Superior completo;ACOPIARA;FRANCISCO VILMAR FELIX MARTINS;12;Médico;PDT;NORDESTE;Não Eleito;31479;15486;2026-01-19 14:01:28
15393;Branca;Casado(a);45 a 49 anos;Masculino;Superior incompleto;SABOEIRO;GERMANO GOMES FLORENTINO;13;Empresário;PT;NORDESTE;Não Eleito;10317;531;2026-01-19 14:01:28
14451;Branca;Casado(a);45 a 49 anos;Feminino;Superior completo;JATI;MARIA DE JESUS DINIZ NOGUEIRA;55;Prefeito;PSD;NORDESTE;Eleito;3971;3971;2026-01-19 14:01:28
13170;Branca;Casado(a);55 a 59 anos;Masculino;Superior completo;APUIARÉS;ROBERTO SAVIO GOMES DA SILVA;55;Agente Administrativo;PSD;NORDESTE;Eleito;10449;5363;2026-01-19 14:01:28
13315;Branca;Divorciado(a);55 a 59 anos;Masculino;Ensino Médio completo;ASSARÉ;ANTONIO LEITE XAVIER;65;Locutor e Comentarista de Rádio e Televisão e Radialista;PC do B;NORDESTE;Não Eleito;14228;86;2026-01-19 14:01:28
14290;Parda;Casado(a);35 a 39 anos;Masculino;Ensino Fundamental incompleto;ITAPIPOCA;FRANCISCO LAELIO GONÇALVES BASTOS;19;Empresário;PTN;NORDESTE;Não Eleito;71282;642;2026-01-19 14:01:28
14052;Branca;Solteiro(a);25 a 29 anos;Masculino;Ensino Médio completo;HIDROLÂNDIA;THIAGO MELO MOURÃO;14;Empresário;PTB;NORDESTE;Não Eleito;12860;5859;2026-01-19 14:01:28
13188;Parda;Solteiro(a);70 a 74 anos;Masculino;Ensino Fundamental completo;HORIZONTE;LUIS LINCOLN MACHADO;50;Outros;PSOL;NORDESTE;Não Eleito;42189;259;2026-01-19 14:01:28
13196;Parda;Casado(a);40 a 44 anos;Feminino;Ensino Médio completo;AQUIRAZ;LUCINEIDE LIMA LOUREDO;36;Empresário;PTC;NORDESTE;Não Eleito;43376;769;2026-01-19 14:01:28
13188;Parda;Casado(a);55 a 59 anos;Masculino;Superior completo;HORIZONTE;MARCUS ANTONIO CUNHA BEZERRA;13;Professor de Ensino Fundamental;PT;NORDESTE;Não Eleito;42189;1035;2026-01-19 14:01:28
13854;Branca;Casado(a);60 a 64 anos;Masculino;Superior completo;CRATO;SAMUEL VILAR DE ALENCAR ARARIPE;45;Tabelião;PSDB;NORDESTE;Não Eleito;64202;24643;2026-01-19 14:01:28
13811;Branca;Casado(a);35 a 39 anos;Feminino;Superior completo;COREAÚ;ÉRIKA FROTA MONTE COELHO CRISTINO;12;Administrador;PDT;NORDESTE;Não Eleito;16032;7701;2026-01-19 14:01:28
13897;Parda;Casado(a);55 a 59 anos;Masculino;Superior incompleto;FORTALEZA;AGOSTINHO FREDERICO TIN CARMO GOMES;31;Deputado;PHS;NORDESTE;Não Eleito;1286510;4616;2026-01-19 14:01:28
14036;Parda;Solteiro(a);40 a 44 anos;Masculino;Superior completo;GUARAMIRANGA;FRANCISCO JERRY DE SOUZA;22;Vereador;PR;NORDESTE;Não Eleito;4801;2230;2026-01-19 14:01:28
13714;Parda;Solteiro(a);30 a 34 anos;Masculino;Superior completo;CATARINA;THIAGO PAES DE ANDRADE RODRIGUES;15;Médico;PMDB;NORDESTE;Eleito;7281;4395;2026-01-19 14:01:28
13218;Branca;Casado(a);50 a 54 anos;Masculino;Superior completo;ARACATI;FRANCISCO IVAN SILVÉRIO DA COSTA;12;Contador;PDT;NORDESTE;Não Eleito;30987;12234;2026-01-19 14:01:28
13935;Branca;Casado(a);50 a 54 anos;Feminino;Superior completo;GENERAL SAMPAIO;ELIENE LEITE ARAUJO BRASILEIRO;11;Advogado;PP;NORDESTE;Não Eleito;6555;2742;2026-01-19 14:01:28
14680;Branca;Casado(a);30 a 34 anos;Masculino;Superior completo;MIRAÍMA;ANTÔNIO EDNARDO BRAGA LIMA FILHO;22;Servidor Público Federal;PR;NORDESTE;Eleito;9560;5598;2026-01-19 14:01:28
15695;Parda;Casado(a);50 a 54 anos;Feminino;Ensino Médio incompleto;TIANGUÁ;VALDEIDA SOUZA AZEVEDO;12;Empresário;PDT;NORDESTE;Não Eleito;39140;16923;2026-01-19 14:01:28
13382;Parda;Casado(a);60 a 64 anos;Masculino;Superior completo;BANABUIÚ;FRANCISCO HERMES NOBRE;12;Agrônomo;PDT;NORDESTE;Eleito;11973;6537;2026-01-19 14:01:28
15695;Branca;Viúvo(a);70 a 74 anos;Masculino;Superior completo;TIANGUÁ;LUIZ MENEZES DE LIMA;55;Aposentado (Exceto Servidor Público);PSD;NORDESTE;Eleito;41969;20932;2026-01-19 14:01:28
15881;Parda;Casado(a);60 a 64 anos;Masculino;Ensino Fundamental incompleto;CROATÁ;ANTONIO FELINTO FILHO;15;Prefeito;PMDB;NORDESTE;Não Eleito;10103;5045;2026-01-19 14:01:28
13374;Branca;Casado(a);45 a 49 anos;Masculino;Superior completo;BARBALHA;EXPEDITO LEOPOLDO DE OLIVEIRA JUNIOR;23;Serventuário de Justiça;PPS;NORDESTE;Não Eleito;33518;556;2026-01-19 14:01:28
13170;Parda;Divorciado(a);65 a 69 anos;Masculino;Superior completo;APUIARÉS;RAIMUNDO SINVAL ALVES DE SOUSA;11;Advogado;PP;NORDESTE;Não Eleito;10449;165;2026-01-19 14:01:28
13366;Branca;Casado(a);25 a 29 anos;Masculino;Superior incompleto;TARRAFAS;TERTULIANO CANDIDO MARTINS DE ARAÚJO;11;Outros;PP;NORDESTE;Eleito;5929;3182;2026-01-19 14:01:28
15512;Parda;Casado(a);55 a 59 anos;Masculino;Superior completo;SÃO JOÃO DO JAGUARIBE;FRANCISCO ACÁCIO CHAVES;12;Prefeito;PDT;NORDESTE;Eleito;6146;3353;2026-01-19 14:01:28
14532;Parda;Casado(a);60 a 64 anos;Masculino;Superior completo;LIMOEIRO DO NORTE;JOSÉ ANCHIETA DE SOUSA;17;Servidor Público Federal;PSL;NORDESTE;Não Eleito;34671;675;2026-01-19 14:01:28
13730;Branca;Casado(a);45 a 49 anos;Masculino;Ensino Médio completo;CAUCAIA;MARCOS DANIEL FALCÃO GADELHA;50;Vendedor Pracista, Representante, Caixeiro-Viajante e Assemelhados;PSOL;NORDESTE;Não Eleito;152420;2187;2026-01-19 14:01:28
13897;Branca;Casado(a);35 a 39 anos;Masculino;Superior incompleto;FORTALEZA;RONALDO MANCHADO MARTINS;10;Deputado;PRB;NORDESTE;Não Eleito;1286510;51687;2026-01-19 14:01:28
13048;Branca;Solteiro(a);21 a 24 anos;Masculino;Superior incompleto;PIRES FERREIRA;JOSÉ AUGUSTO PEREIRA TORRES;45;Estudante, Bolsista, Estagiário e Assemelhados;PSDB;NORDESTE;Não Eleito;6300;2660;2026-01-19 14:01:28
14672;Parda;Solteiro(a);21 a 24 anos;Masculino;Superior incompleto;MILAGRES;FRANCISCO PEREIRA DA SILVA NETO;15;Servidor Público Municipal;PMDB;NORDESTE;Não Eleito;17714;8402;2026-01-19 14:01:28
15431;Branca;Casado(a);40 a 44 anos;Feminino;Ensino Médio completo;SANTANA DO CARIRI;DANIELI DE ABREU MACHADO;17;Prefeito;PSL;NORDESTE;Eleito;10390;5232;2026-01-19 14:01:28
15210;Parda;Casado(a);35 a 39 anos;Masculino;Superior completo;PORANGA;CARLISSON EMERSON ARAUJO DA ASSUNÇÃO;12;Fisioterapeuta e Terapeuta Ocupacional;PDT;NORDESTE;Eleito;7365;3780;2026-01-19 14:01:28
14230;Parda;Divorciado(a);35 a 39 anos;Masculino;Superior completo;IRAUÇUBA;RAIMUNDO NONATO SOUZA SILVA;55;Administrador;PSD;NORDESTE;Eleito;13801;7731;2026-01-19 14:01:28
15938;Branca;Casado(a);45 a 49 anos;Masculino;Ensino Médio completo;ICAPUÍ;MARCUS VAGNE REBOUÇAS;23;Comerciante;PPS;NORDESTE;Não Eleito;13306;521;2026-01-19 14:01:28
14915;Branca;Solteiro(a);35 a 39 anos;Feminino;Superior completo;ORÓS;LUHANNA ÚRYA MACIEL BEZERRA;25;Advogado;DEM;NORDESTE;Não Eleito;14084;6029;2026-01-19 14:01:28
13234;Parda;Casado(a);70 a 74 anos;Masculino;Superior completo;ARACOIABA;FRANCISCO ARY RIBEIRO TEIXEIRA;90;Aposentado (Exceto Servidor Público);PROS;NORDESTE;Não Eleito;20569;6001;2026-01-19 14:01:28
15458;Parda;Casado(a);40 a 44 anos;Masculino;Superior completo;SANTA QUITÉRIA;ANTONIO ARILSON LOPES FERREIRA;50;Servidor Público Estadual;PSOL;NORDESTE;Não Eleito;25990;101;2026-01-19 14:01:28
13269;Parda;Solteiro(a);40 a 44 anos;Feminino;Ensino Fundamental completo;POTIRETAMA;ASTROLABIA FERREIRA FREITAS;11;Agricultor;PP;NORDESTE;Não Eleito;4653;1988;2026-01-19 14:01:28
14737;Branca;Casado(a);55 a 59 anos;Masculino;Ensino Médio completo;MONSENHOR TABOSA;JOÃO SOUTO RODRIGUES;14;Vendedor de Comércio Varejista e Atacadista;PTB;NORDESTE;Não Eleito;11439;4965;2026-01-19 14:01:28
15695;Branca;Viúvo(a);70 a 74 anos;Masculino;Superior completo;TIANGUÁ;LUIZ MENEZES DE LIMA;55;Aposentado (Exceto Servidor Público);PSD;NORDESTE;Não Eleito;41714;19114;2026-01-19 14:01:28
14770;Branca;Casado(a);25 a 29 anos;Masculino;Ensino Médio completo;MORAÚJO;CARLOS ÁQUILA CUNHA DE QUEIROZ;12;Servidor Público Municipal;PDT;NORDESTE;Eleito;6015;3349;2026-01-19 14:01:28
14893;Parda;Casado(a);40 a 44 anos;Masculino;Ensino Médio completo;NOVO ORIENTE;VANALDO CARLOS MOURA;65;Empresário;PC do B;NORDESTE;Eleito;16897;8531;2026-01-19 14:01:28
13412;Parda;Solteiro(a);35 a 39 anos;Feminino;Superior completo;BATURITÉ;CRISTIANE BRAGA SARAIVA;13;Advogado;PT;NORDESTE;Não Eleito;20092;4394;2026-01-19 14:01:28
15091;Branca;Casado(a);45 a 49 anos;Masculino;Superior incompleto;PARAMOTI;ANTONIO JOSÉ CAVALCANTE RANGEL;22;Empresário;PR;NORDESTE;Não Eleito;7958;2822;2026-01-19 14:01:28
15091;Parda;Solteiro(a);35 a 39 anos;Feminino;Superior completo;PARAMOTI;ANTONIA TELVANIA FERREIRA BRAZ;31;Professor de Ensino Fundamental;PHS;NORDESTE;Não Eleito;7958;1251;2026-01-19 14:01:28
13617;Branca;Casado(a);55 a 59 anos;Masculino;Superior completo;CARIRÉ;ERIBERTO DE SA PONTE JUNIOR;45;Químico;PSDB;NORDESTE;Não Eleito;11788;2746;2026-01-19 14:01:28
13919;Parda;Divorciado(a);40 a 44 anos;Masculino;Superior completo;FRECHEIRINHA;HELTON LUIS AGUIAR JUNIOR;12;Empresário;PDT;NORDESTE;Eleito;4934;4934;2026-01-19 14:01:28
15270;Branca;Solteiro(a);40 a 44 anos;Masculino;Superior completo;QUIXADÁ;RICARDO JOSÉ ARAUJO SILVEIRA;15;Médico;PMDB;NORDESTE;Não Eleito;44728;19259;2026-01-19 14:01:28
13358;Parda;Casado(a);40 a 44 anos;Feminino;Superior completo;BAIXIO;LAURA CRISTINA FERREIRA ALENCAR;55;Prefeito;PSD;NORDESTE;Não Eleito;4440;1950;2026-01-19 14:01:28
15490;Branca;Casado(a);55 a 59 anos;Masculino;Superior completo;SÃO GONÇALO DO AMARANTE;JOSE ARIMATEA RODRIGUES DE FARIAS;50;Professor de Ensino Fundamental;PSOL;NORDESTE;Não Eleito;34092;149;2026-01-19 14:01:28
15172;Branca;Solteiro(a);35 a 39 anos;Masculino;Superior completo;PEREIRO;EUGÊNIO MATIAS DE QUEIROZ;50;Professor de Ensino Médio;PSOL;NORDESTE;Não Eleito;7088;389;2026-01-19 14:01:28
13480;Branca;Casado(a);35 a 39 anos;Masculino;Ensino Médio completo;ITAITINGA;DENIS GOMES DA SILVA;51;Comerciante;PEN;NORDESTE;Não Eleito;17332;3775;2026-01-19 14:01:28
15598;Branca;Casado(a);35 a 39 anos;Masculino;Superior completo;SOBRAL;MOSES HAENDEL MELO RODRIGUES;15;Empresário;PMDB;NORDESTE;Não Eleito;112569;45209;2026-01-19 14:01:28
13323;Branca;Solteiro(a);35 a 39 anos;Feminino;Ensino Médio completo;TEJUÇUOCA;ANTONIA HELOIDE ESTEVAM RODRIGUES;15;Outros;PMDB;NORDESTE;Eleito;11869;6420;2026-01-19 14:01:28
13870;Parda;Casado(a);45 a 49 anos;Masculino;Ensino Médio completo;FARIAS BRITO;JOSE MARIA GOMES PEREIRA;65;Advogado;PC do B;NORDESTE;Eleito;12151;7639;2026-01-19 14:01:28
15318;Parda;Solteiro(a);35 a 39 anos;Masculino;Superior completo;QUIXERÉ;JESUS ORLEUDO NERY RIBEIRO;45;Advogado;PSDB;NORDESTE;Não Eleito;8209;817;2026-01-19 14:01:28
14095;Branca;Solteiro(a);45 a 49 anos;Masculino;Ensino Médio completo;ICÓ;GLIOBEL CORREIA NETO;43;Comerciante;PV;NORDESTE;Não Eleito;38990;459;2026-01-19 14:01:28
13633;Parda;Solteiro(a);35 a 39 anos;Feminino;Superior completo;CARIRIAÇU;KASSYANA MELO FEITOSA;22;Outros;PR;NORDESTE;Não Eleito;18477;334;2026-01-19 14:01:28
15695;Branca;Casado(a);50 a 54 anos;Masculino;Ensino Médio completo;TIANGUÁ;JEAN NUNES AZEVEDO;12;Prefeito;PDT;NORDESTE;Não Eleito;41969;19637;2026-01-19 14:01:28
15652;Parda;Casado(a);55 a 59 anos;Masculino;Ensino Médio completo;TAMBORIL;PEDRO CALISTO DA SILVA;15;Motorista de Veículos de Transporte de Carga;PMDB;NORDESTE;Eleito;16180;8249;2026-01-19 14:01:28
15717;Branca;Casado(a);35 a 39 anos;Masculino;Superior completo;TRAIRI;MARCOS HENRIQUE FERREIRA DO PRADO;45;Médico;PSDB;NORDESTE;Eleito;33220;17127;2026-01-19 14:01:28
13013;Branca;Casado(a);75 a 79 anos;Masculino;Ensino Fundamental completo;ABAIARA;AFONSO TAVARES LEITE;13;Aposentado (Exceto Servidor Público);PT;NORDESTE;Eleito;5643;2889;2026-01-19 14:01:28
15733;Parda;Divorciado(a);60 a 64 anos;Masculino;Ensino Médio completo;UBAJARA;JOSE ROMANO DO NASCIMENTO;11;Prefeito;PP;NORDESTE;Não Eleito;18854;5929;2026-01-19 14:01:28
15750;Parda;Casado(a);35 a 39 anos;Masculino;Superior incompleto;UMARI;FRANCISCO ALEXANDRE BARROS NETO;13;Policial Militar;PT;NORDESTE;Eleito;5046;2525;2026-01-19 14:01:28
13935;Parda;Separado(a) judicialmente;50 a 54 anos;Masculino;Superior incompleto;GENERAL SAMPAIO;FRANCISCO CORDEIRO MOREIRA;12;Empresário;PDT;NORDESTE;Eleito;6555;3813;2026-01-19 14:01:28
14591;Parda;Solteiro(a);45 a 49 anos;Masculino;Ensino Médio incompleto;MARTINÓPOLE;LUIZ LINHARES BARROS;54;Comerciante;PPL;NORDESTE;Não Eleito;8311;127;2026-01-19 14:01:28
13978;Parda;Casado(a);55 a 59 anos;Masculino;Superior completo;GRANJEIRO;RAIMUNDO DUCLIEUX DE FREITAS;10;Médico;PRB;NORDESTE;Não Eleito;4501;2143;2026-01-19 14:01:28
13919;Branca;Casado(a);45 a 49 anos;Masculino;Superior completo;FRECHEIRINHA;CARLEONE JUNIOR DE ARAUJO;11;Prefeito;PP;NORDESTE;Eleito;9732;4929;2026-01-19 14:01:28
15695;Branca;Casado(a);50 a 54 anos;Masculino;Ensino Médio completo;TIANGUÁ;HAROLDO ARAGÃO CORREIA;13;Comerciante;PT;NORDESTE;Não Eleito;39140;1135;2026-01-19 14:01:28
14354;Branca;Casado(a);45 a 49 anos;Masculino;Superior completo;JAGUARETAMA;FRANCISCO GLAIRTON RABELO CUNHA;22;Bancário e Economiário;PR;NORDESTE;Eleito;12169;7660;2026-01-19 14:01:28
15199;Branca;Casado(a);35 a 39 anos;Masculino;Ensino Médio completo;PIQUET CARNEIRO;BISMARCK BARROS BEZERRA;12;Vereador;PDT;NORDESTE;Eleito;8905;5745;2026-01-19 14:01:28
14559;Branca;Solteiro(a);21 a 24 anos;Masculino;Ensino Médio completo;MARANGUAPE;JOÃO PAULO DE CASTRO CARNEIRO XEREZ SILVA;31;Vereador;PHS;NORDESTE;Eleito;33634;33634;2026-01-19 14:01:28
13323;Branca;Casado(a);50 a 54 anos;Masculino;Superior completo;TEJUÇUOCA;JORGE SILVA MOTA FILHO;28;Policial Civil;PRTB;NORDESTE;Não Eleito;11869;5449;2026-01-19 14:01:28
13390;Branca;Casado(a);60 a 64 anos;Masculino;Superior completo;BARRO;JOSÉ MARQUINÉLIO TAVARES;25;Médico;DEM;NORDESTE;Eleito;12238;6065;2026-01-19 14:01:28
15377;Branca;Casado(a);60 a 64 anos;Masculino;Ensino Fundamental incompleto;RUSSAS;RAIMUNDO CORDEIRO DE FREITAS;55;Empresário;PSD;NORDESTE;Não Eleito;44137;20393;2026-01-19 14:01:28
14290;Branca;Solteiro(a);50 a 54 anos;Masculino;Superior completo;ITAPIPOCA;JOÃO RIBEIRO BARROSO;45;Engenheiro;PSDB;NORDESTE;Eleito;71282;33158;2026-01-19 14:01:28
15210;Branca;Casado(a);40 a 44 anos;Feminino;Superior completo;PORANGA;MARIA ERINEUDA BEZERRA DE MENEZES;15;Professor de Ensino Fundamental;PMDB;NORDESTE;Não Eleito;7365;3585;2026-01-19 14:01:28
13480;Parda;Casado(a);45 a 49 anos;Masculino;Superior completo;ITAITINGA;SEBASTIÃO CORDEIRO DE OLIVEIRA JÚNIOR;27;Empresário;PSDC;NORDESTE;Não Eleito;17332;1301;2026-01-19 14:01:28
15393;Branca;Casado(a);50 a 54 anos;Masculino;Superior completo;SABOEIRO;FRANCISCO TACIDO SANTOS CAVALCANTI;15;Advogado;PMDB;NORDESTE;Não Eleito;10317;4608;2026-01-19 14:01:28
14117;Branca;Casado(a);40 a 44 anos;Masculino;Ensino Médio completo;IGUATU;EDNALDO DE LAVOR COURAS;12;Empresário;PDT;NORDESTE;Eleito;52519;31557;2026-01-19 14:01:28
14370;Parda;Casado(a);50 a 54 anos;Masculino;Superior completo;JAGUARIBARA;JOSIMAR BARBOSA PARENTE;28;Agricultor;PRTB;NORDESTE;Não Eleito;3841;364;2026-01-19 14:01:28
14435;Parda;Casado(a);45 a 49 anos;Masculino;Superior completo;JARDIM;ANIZIARIO JORGE COSTA;65;Médico;PC do B;NORDESTE;Eleito;16133;10306;2026-01-19 14:01:28
13412;Parda;Casado(a);45 a 49 anos;Masculino;Ensino Médio completo;BATURITÉ;FRANCISCO ANTONIO DO CARMO;19;Policial Militar;PTN;NORDESTE;Não Eleito;20092;5441;2026-01-19 14:01:28
13951;Branca;Viúvo(a);90 a 94 anos;Feminino;Superior completo;GRANJA;CARMEN SALLES OLIVERA ARRUDA;55;Aposentado (Exceto Servidor Público);PSD;NORDESTE;Não Eleito;32101;10522;2026-01-19 14:01:28
14958;Parda;Casado(a);45 a 49 anos;Masculino;Ensino Médio completo;PACATUBA;FRANCISCO JOSE DE HOLANDA;54;Vendedor de Comércio Varejista e Atacadista;PPL;NORDESTE;Não Eleito;35534;1344;2026-01-19 14:01:28
15296;Branca;Casado(a);60 a 64 anos;Masculino;Superior completo;QUIXERAMOBIM;CIRILO ANTONIO PIMENTA LIMA;12;Veterinário;PDT;NORDESTE;Não Eleito;44222;20196;2026-01-19 14:01:28
15679;Branca;Casado(a);50 a 54 anos;Feminino;Superior completo;TAUÁ;PATRICIA PEQUENO COSTA GOMES DE AGUIAR;35;Prefeito;PMB;NORDESTE;Não Eleito;32481;16194;2026-01-19 14:01:28
15091;Parda;Separado(a) judicialmente;75 a 79 anos;Masculino;Ensino Médio completo;PARAMOTI;EDWARD ARRUDA FILHO;43;Servidor Público Civil Aposentado;PV;NORDESTE;Não Eleito;7958;76;2026-01-19 14:01:28
13137;Parda;Casado(a);45 a 49 anos;Feminino;Superior completo;ALTO SANTO;MARIA IRISNEILE GADELHA SOUSA COSTA;40;Outros;PSB;NORDESTE;Eleito;9974;5010;2026-01-19 14:01:28
14796;Branca;Casado(a);60 a 64 anos;Masculino;Ensino Fundamental completo;MORRINHOS;JOSÉ ROQUE MARANHÃO;13;Empresário;PT;NORDESTE;Não Eleito;14883;7157;2026-01-19 14:01:28
15237;Parda;Divorciado(a);55 a 59 anos;Masculino;Superior incompleto;PORTEIRAS;FÁBIO PINHEIRO CARDOSO;14;Empresário;PTB;NORDESTE;Eleito;10064;6981;2026-01-19 14:01:28
14010;Parda;Casado(a);35 a 39 anos;Masculino;Superior completo;GUARACIABA DO NORTE;REGIVALDO MELO CAVALCANTE;12;Engenheiro;PDT;NORDESTE;Não Eleito;23429;7559;2026-01-19 14:01:28
14630;Preta;Solteiro(a);35 a 39 anos;Masculino;Superior completo;MAURITI;FRANCISCO EVANILDO SIMÃO DA SILVA;13;Historiador;PT;NORDESTE;Não Eleito;27071;11482;2026-01-19 14:01:28
14753;Parda;Solteiro(a);45 a 49 anos;Masculino;Ensino Médio completo;MORADA NOVA;JOSE EDNER NOGUEIRA DA SILVA;15;Pecuarista;PMDB;NORDESTE;Não Eleito;45504;20616;2026-01-19 14:01:28
13021;Parda;Casado(a);45 a 49 anos;Masculino;Superior completo;MADALENA;ANTONIO DE CASTRO LEMOS;50;Professor de Ensino Fundamental;PSOL;NORDESTE;Não Eleito;10980;1196;2026-01-19 14:01:28
15717;Branca;Casado(a);30 a 34 anos;Masculino;Superior completo;TRAIRI;GUSTAVO AGUIAR VIANA;12;Comerciante;PDT;NORDESTE;Não Eleito;33220;13010;2026-01-19 14:01:28
13510;Parda;Casado(a);50 a 54 anos;Feminino;Superior completo;CAMOCIM;EUVALDETE FERRO DA ROCHA OLIVEIRA;15;Pedagogo;PMDB;NORDESTE;Não Eleito;36581;17092;2026-01-19 14:01:28
13994;Branca;Casado(a);50 a 54 anos;Masculino;Superior incompleto;GROAÍRAS;ADAIL ALBUQUERQUE MELO;13;Comerciante;PT;NORDESTE;Não Eleito;7149;3224;2026-01-19 14:01:28
13072;Branca;Casado(a);40 a 44 anos;Masculino;Superior completo;AIUABA;RAMILSON ARAUJO MORAES;55;Contador;PSD;NORDESTE;Eleito;8486;4888;2026-01-19 14:01:28
13110;Parda;Casado(a);40 a 44 anos;Masculino;Ensino Médio completo;ALTANEIRA;FRANCISCO DARIOMAR RODRIGUES SOARES;13;Produtor Agropecuário;PT;NORDESTE;Eleito;4703;2545;2026-01-19 14:01:28
14737;Parda;Casado(a);30 a 34 anos;Masculino;Superior completo;MONSENHOR TABOSA;FRANCISCO JEOVÁ SOUSA CAVALCANTE;12;Prefeito;PDT;NORDESTE;Eleito;11439;6279;2026-01-19 14:01:28
15156;Parda;Solteiro(a);50 a 54 anos;Masculino;Ensino Médio completo;PENTECOSTE;JOAO BOSCO PESSOA TABOSA;12;Empresário;PDT;NORDESTE;Eleito;26223;15873;2026-01-19 14:01:28
98558;Branca;Casado(a);35 a 39 anos;Masculino;Superior completo;UMIRIM;FELIPE CARLOS UCHOA SALES RIBEIRO;55;Pedagogo;PSD;NORDESTE;Eleito;12444;6382;2026-01-19 14:01:28
13315;Branca;Divorciado(a);60 a 64 anos;Masculino;Ensino Fundamental completo;ASSARÉ;FRANCISCO EVANDERTO ALMEIDA;55;Comerciante;PSD;NORDESTE;Eleito;14228;8830;2026-01-19 14:01:28
14877;Branca;Solteiro(a);30 a 34 anos;Masculino;Superior completo;NOVA RUSSAS;RAFAEL HOLANDA PEDROSA;33;Médico;PMN;NORDESTE;Eleito;13861;7182;2026-01-19 14:01:28
13633;Parda;Casado(a);50 a 54 anos;Masculino;Ensino Médio completo;CARIRIAÇU;JOSÉ EDMILSON LEITE BARBOSA;12;Comerciante;PDT;NORDESTE;Eleito;18477;9556;2026-01-19 14:01:28
14680;Parda;Casado(a);40 a 44 anos;Masculino;Ensino Fundamental incompleto;MIRAÍMA;CRISTIANO TEIXEIRA DE SOUSA;55;Motorista Particular;PSD;NORDESTE;Não Eleito;9560;3962;2026-01-19 14:01:28
15776;Parda;Casado(a);35 a 39 anos;Masculino;Ensino Médio completo;URUBURETAMA;CARLOS EDUARDO DAVID FERREIRA;15;Empresário;PMDB;NORDESTE;Não Eleito;13807;1503;2026-01-19 14:01:28
13650;Parda;Casado(a);65 a 69 anos;Masculino;Superior completo;CARIÚS;LUIZ ALBERTO DE QUEIROZ LIMA;50;Aposentado (Exceto Servidor Público);PSOL;NORDESTE;Não Eleito;12020;40;2026-01-19 14:01:28
13005;Parda;Casado(a);40 a 44 anos;Masculino;Ensino Médio completo;JIJOCA DE JERICOACOARA;LINDBERGH MARTINS;77;Outros;SD;NORDESTE;Eleito;11227;4084;2026-01-19 14:01:28
14060;Branca;Casado(a);65 a 69 anos;Masculino;Ensino Médio completo;IBARETAMA;FRANCISCO EDSON DE MORAES;15;Outros;PMDB;NORDESTE;Eleito;9950;6066;2026-01-19 14:01:28
13277;Parda;Casado(a);35 a 39 anos;Masculino;Ensino Médio completo;ARATUBA;JOSE IVAN SANTOS NETO;12;Prefeito;PDT;NORDESTE;Não Eleito;9139;3322;2026-01-19 14:01:28
15890;Parda;Casado(a);70 a 74 anos;Masculino;Ensino Fundamental completo;CRUZ;JOÃO MUNIZ SOBRINHO;45;Empresário;PSDB;NORDESTE;Eleito;16321;8777;2026-01-19 14:01:28
14095;Parda;Casado(a);50 a 54 anos;Masculino;Superior incompleto;ICÓ;JOSÉ JAIME BEZERRA RODRIGUES JÚNIOR;12;Prefeito;PDT;NORDESTE;Não Eleito;38990;18133;2026-01-19 14:01:28
15873;Branca;Casado(a);60 a 64 anos;Masculino;Superior completo;AMONTADA;VALDIR HERBSTER FILHO;12;Advogado;PDT;NORDESTE;Eleito;24854;15001;2026-01-19 14:01:28
14532;Branca;Casado(a);55 a 59 anos;Masculino;Superior completo;LIMOEIRO DO NORTE;EDILSON SANTIAGO DE OLIVEIRA;40;Servidor Público Municipal;PSB;NORDESTE;Não Eleito;34671;25;2026-01-19 14:01:28
13897;Branca;Casado(a);40 a 44 anos;Masculino;Superior completo;FORTALEZA;ROBERTO CLAUDIO RODRIGUES BEZERRA;12;Médico;PDT;NORDESTE;Eleito;1267298;678847;2026-01-19 14:01:28
15571;Branca;Casado(a);25 a 29 anos;Masculino;Ensino Médio completo;SENADOR SÁ;JOSE MARTINS BARROS JUNIOR;11;Empresário;PP;NORDESTE;Não Eleito;5341;2631;2026-01-19 14:01:28
15490;Branca;Casado(a);60 a 64 anos;Feminino;Superior completo;SÃO GONÇALO DO AMARANTE;LUCIA MARIA DE ALENCAR COSTA;17;Diretor de Empresas;PSL;NORDESTE;Não Eleito;34092;100;2026-01-19 14:01:28
14354;Parda;Solteiro(a);25 a 29 anos;Masculino;Superior incompleto;JAGUARETAMA;JAYME RENAN MACHADO COSTA;10;Empresário;PRB;NORDESTE;Não Eleito;12169;4509;2026-01-19 14:01:28
14338;Branca;Casado(a);25 a 29 anos;Masculino;Superior completo;ITATIRA;AFONSO MAGNO LOBO BOTELHO;15;Advogado;PMDB;NORDESTE;Não Eleito;14112;6510;2026-01-19 14:01:28
14290;Branca;Solteiro(a);30 a 34 anos;Feminino;Superior completo;ITAPIPOCA;ANA PAULA BRAGA VERAS;55;Terapeuta;PSD;NORDESTE;Não Eleito;71282;4242;2026-01-19 14:01:28
14893;Branca;Casado(a);45 a 49 anos;Masculino;Ensino Fundamental completo;NOVO ORIENTE;JESUINO RODRIGUES DE SAMPAIO NETO;55;Outros;PSD;NORDESTE;Não Eleito;16897;8366;2026-01-19 14:01:28
13285;Branca;Solteiro(a);35 a 39 anos;Masculino;Superior completo;PINDORETAMA;VALDEMAR ARAÚJO DA SILVA FILHO;13;Professor de Ensino Médio;PT;NORDESTE;Eleito;14393;8068;2026-01-19 14:01:28
14176;Parda;Casado(a);45 a 49 anos;Masculino;Superior completo;IPU;CARLOS SERGIO RUFINO MOREIRA;65;Administrador;PC do B;NORDESTE;Eleito;23982;12785;2026-01-19 14:01:28
14958;Parda;Solteiro(a);35 a 39 anos;Masculino;Superior completo;PACATUBA;BEZALIEL RIBEIRO DE FARIAS;14;Empresário;PTB;NORDESTE;Não Eleito;35534;841;2026-01-19 14:01:28
15970;Branca;Casado(a);35 a 39 anos;Masculino;Superior completo;MILHÃ;OTACILIO JOSE PINHEIRO MACEDO;15;Prefeito;PMDB;NORDESTE;Não Eleito;9284;4362;2026-01-19 14:01:28
13595;Parda;Solteiro(a);50 a 54 anos;Feminino;Superior completo;CARIDADE;ANGELA MARIA BARROSO DA SILVA;15;Agricultor;PMDB;NORDESTE;Não Eleito;13173;6304;2026-01-19 14:01:28
14230;Parda;Casado(a);40 a 44 anos;Masculino;Superior completo;IRAUÇUBA;JOSÉ ELISNALDO MOTA PINTO;31;Prefeito;PHS;NORDESTE;Não Eleito;13801;6070;2026-01-19 14:01:28
15911;Branca;Casado(a);60 a 64 anos;Masculino;Superior completo;FORQUILHA;EDMUNDO RODRIGUES JUNIOR;12;Diretor de Empresas;PDT;NORDESTE;Não Eleito;14950;6806;2026-01-19 14:01:28
15695;Branca;Casado(a);45 a 49 anos;Masculino;Ensino Médio completo;TIANGUÁ;HAROLDO ARAGAO CORREIA;13;Comerciante;PT;NORDESTE;Não Eleito;41969;1208;2026-01-19 14:01:28
14230;Branca;Casado(a);55 a 59 anos;Masculino;Superior completo;IRAUÇUBA;MANOEL CLERDONIO AVILA;33;Aposentado (Exceto Servidor Público);PMN;NORDESTE;Não Eleito;13460;174;2026-01-19 14:01:28
15938;Parda;Solteiro(a);40 a 44 anos;Masculino;Superior incompleto;ICAPUÍ;FRANCISCO EURIVAN DE PAULA;13;Vereador;PT;NORDESTE;Não Eleito;13306;5176;2026-01-19 14:01:28
15415;Parda;Divorciado(a);40 a 44 anos;Masculino;Superior incompleto;SANTANA DO ACARAÚ;MANOEL ROSA FILHO;10;Jornalista e Redator;PRB;NORDESTE;Não Eleito;20714;1017;2026-01-19 14:01:28
13463;Branca;Casado(a);50 a 54 anos;Masculino;Ensino Médio completo;CHORÓ;MARCONDES DE HOLANDA JUCÁ;51;Agente Administrativo;PEN;NORDESTE;Eleito;5238;5238;2026-01-19 14:01:28
13757;Branca;Casado(a);35 a 39 anos;Masculino;Superior completo;CEDRO;RODRIGO XAVIER DE ARAÚJO;22;Médico;PR;NORDESTE;Não Eleito;16780;8140;2026-01-19 14:01:28
13404;Parda;Casado(a);50 a 54 anos;Masculino;Superior incompleto;BARROQUINHA;JAIME VERAS SILVA FILHO;12;Comerciante;PDT;NORDESTE;Não Eleito;10522;5097;2026-01-19 14:01:28
13056;Branca;Casado(a);55 a 59 anos;Masculino;Superior completo;ACOPIARA;ANTONIO ALMEIDA NETO;15;Servidor Público Estadual;PMDB;NORDESTE;Eleito;31479;15715;2026-01-19 14:01:28
13676;Branca;Casado(a);60 a 64 anos;Masculino;Ensino Médio completo;CARNAUBAL;ANTONIO ADEMIR BARROSO MARTINS;15;Servidor Público Estadual;PMDB;NORDESTE;Eleito;9975;5077;2026-01-19 14:01:28
14370;Branca;Casado(a);55 a 59 anos;Masculino;Ensino Médio completo;JAGUARIBARA;FRANCISCO IVAN BESERRA;31;Servidor Público Municipal;PHS;NORDESTE;Não Eleito;3841;121;2026-01-19 14:01:28
15911;Branca;Casado(a);30 a 34 anos;Masculino;Superior completo;FORQUILHA;GERLASIO MARTINS DE LOIOLA;13;Prefeito;PT;NORDESTE;Eleito;14950;8144;2026-01-19 14:01:28
13439;Branca;Casado(a);45 a 49 anos;Feminino;Superior completo;BEBERIBE;MICHELE CARIELLO DE SA QUEIROZ ROCHA;11;Prefeito;PP;NORDESTE;Não Eleito;34806;16308;2026-01-19 14:01:28
13773;Branca;Casado(a);65 a 69 anos;Masculino;Superior completo;CHAVAL;RAIMUNDO ANGELO MAGALHÃES;11;Médico;PP;NORDESTE;Não Eleito;8648;2650;2026-01-19 14:01:28
15571;Parda;Solteiro(a);40 a 44 anos;Feminino;Ensino Médio completo;SENADOR SÁ;REGINA LUCIA VASCONCELOS CORDEIRO;55;Dona de Casa;PSD;NORDESTE;Eleito;5341;2710;2026-01-19 14:01:28
13447;Parda;Casado(a);65 a 69 anos;Masculino;Ensino Médio completo;CATUNDA;ANTONIO PEREIRA LEITAO;11;Prefeito;PP;NORDESTE;Não Eleito;6805;3193;2026-01-19 14:01:28
15075;Branca;Solteiro(a);30 a 34 anos;Masculino;Superior completo;PARAMBU;MARCIO CLAUDI CARDOSO SANTOS;12;Sacerdote ou Membro de Ordem ou Seita Religiosa;PDT;NORDESTE;Não Eleito;20536;8191;2026-01-19 14:01:28
14974;Branca;Casado(a);40 a 44 anos;Masculino;Superior completo;PACOTI;FRANCISCO JOSE SAMPAIO LEITE;43;Empresário;PV;NORDESTE;Eleito;8354;4664;2026-01-19 14:01:28
15130;Parda;Casado(a);50 a 54 anos;Masculino;Ensino Médio completo;PENAFORTE;FRANCISCO AGABIO SAMPAIO GONDIM;12;Vereador;PDT;NORDESTE;Eleito;6754;3512;2026-01-19 14:01:28
13714;Parda;Casado(a);35 a 39 anos;Masculino;Ensino Médio completo;CATARINA;MARSUEL ARAUJO PESSOA;55;Comerciante;PSD;NORDESTE;Não Eleito;7281;2886;2026-01-19 14:01:28
14214;Branca;Casado(a);35 a 39 anos;Masculino;Superior incompleto;IRACEMA;FRANCISCO NOGUEIRA QUEIROZ DE AQUINO;55;Empresário;PSD;NORDESTE;Não Eleito;8957;3431;2026-01-19 14:01:28
13064;Branca;Divorciado(a);60 a 64 anos;Masculino;Lê e escreve;GRAÇA;AUGUSTO BRITO;65;Agricultor;PC do B;NORDESTE;Eleito;9054;4626;2026-01-19 14:01:28
13218;Branca;Casado(a);55 a 59 anos;Masculino;Superior completo;ARACATI;CRISANTO SOUZA DAMASCENO;50;Servidor Público Estadual;PSOL;NORDESTE;Não Eleito;30987;987;2026-01-19 14:01:28
13234;Parda;Solteiro(a);45 a 49 anos;Masculino;Ensino Fundamental completo;ARACOIABA;ANTONIO CLAUDIO PINHEIRO;45;Servidor Público Municipal;PSDB;NORDESTE;Eleito;20569;8238;2026-01-19 14:01:28
13730;Parda;Casado(a);45 a 49 anos;Masculino;Ensino Médio completo;CAUCAIA;NAUMI GOMES DE AMORIM;35;Deputado;PMB;NORDESTE;Eleito;148905;80756;2026-01-19 14:01:28
14435;Branca;Casado(a);55 a 59 anos;Feminino;Superior completo;JARDIM;MARIA NEIDE FILGUEIRA PIANCÓ PINHEIRO;23;Professor de Ensino Médio;PPS;NORDESTE;Não Eleito;16133;228;2026-01-19 14:01:28
13374;Parda;Casado(a);35 a 39 anos;Masculino;Superior completo;BARBALHA;FERNANDO MATOS SANTANA;13;Administrador;PT;NORDESTE;Não Eleito;33518;16392;2026-01-19 14:01:28
13315;Parda;Casado(a);30 a 34 anos;Masculino;Superior completo;ASSARÉ;LUIS  SAMUEL FREIRE;13;Empresário;PT;NORDESTE;Não Eleito;14228;5291;2026-01-19 14:01:28
14133;Parda;Casado(a);30 a 34 anos;Masculino;Superior completo;INDEPENDÊNCIA;FRANCISCO PEDRO GONÇALVES DE SOUZA XIMENES;15;Médico;PMDB;NORDESTE;Não Eleito;9958;1954;2026-01-19 14:01:28
14656;Parda;Casado(a);30 a 34 anos;Masculino;Superior completo;MERUOCA;CARLOS JOSE MAGALHAES DO NASCIMENTO;77;Vereador;SD;NORDESTE;Não Eleito;9005;1983;2026-01-19 14:01:28
13005;Parda;Casado(a);55 a 59 anos;Masculino;Superior incompleto;JIJOCA DE JERICOACOARA;JOAO JAIME GOMES MARINHO DE ANDRADE;25;Empresário;DEM;NORDESTE;Não Eleito;11227;3769;2026-01-19 14:01:28
14230;Parda;Solteiro(a);40 a 44 anos;Feminino;Superior incompleto;IRAUÇUBA;ANA CLEIA BARROSO CAETANO;19;Vereador;PODE;NORDESTE;Não Eleito;13460;5392;2026-01-19 14:01:28
13811;Branca;Casado(a);75 a 79 anos;Masculino;Lê e escreve;COREAÚ;JOÃO MAGALHÃES DE CARVALHO;43;Aposentado (Exceto Servidor Público);PV;NORDESTE;Não Eleito;16032;52;2026-01-19 14:01:28
13064;Parda;Divorciado(a);50 a 54 anos;Feminino;Ensino Médio incompleto;GRAÇA;MARIA IRALDICE DE ALCANTARA;12;Prefeito;PDT;NORDESTE;Não Eleito;9054;4428;2026-01-19 14:01:28
14419;Branca;Solteiro(a);50 a 54 anos;Masculino;Ensino Fundamental completo;JAGUARUANA;ROBERTO BARBOSA MOREIRA;19;Outros;PTN;NORDESTE;Eleito;23142;11995;2026-01-19 14:01:28
13552;Branca;Viúvo(a);55 a 59 anos;Feminino;Superior completo;CANINDÉ;MARIA DO ROZARIO ARAUJO PEDROSA XIMENES;15;Agente Administrativo;PMDB;NORDESTE;Eleito;37114;17575;2026-01-19 14:01:28
15750;Parda;Casado(a);50 a 54 anos;Feminino;Ensino Fundamental completo;UMARI;MIRINEIDE PINHEIRO MOURA;55;Empresário;PSD;NORDESTE;Eleito;4814;2739;2026-01-19 14:01:28
13277;Branca;Casado(a);60 a 64 anos;Feminino;Superior completo;ARATUBA;MARIA AUXILIADORA LIMA BATISTA;22;Servidor Público Federal;PR;NORDESTE;Eleito;9139;5583;2026-01-19 14:01:28
13293;Branca;Casado(a);30 a 34 anos;Masculino;Superior completo;ARNEIROZ;EDGAR DE CASTRO MONTEIRO;15;Empresário;PMDB;NORDESTE;Eleito;5655;3060;2026-01-19 14:01:28
15059;Parda;Casado(a);35 a 39 anos;Masculino;Superior completo;PARACURU;WEMBLEY GOMES COSTA;10;Servidor Público Municipal;PRB;NORDESTE;Não Eleito;24158;6798;2026-01-19 14:01:28
15610;Branca;Solteiro(a);25 a 29 anos;Masculino;Ensino Médio completo;SOLONÓPOLE;MARCOS DANIEL PINHEIRO;25;Vereador;DEM;NORDESTE;Não Eleito;11562;4934;2026-01-19 14:01:28
13056;Parda;Casado(a);25 a 29 anos;Masculino;Superior completo;ACOPIARA;ICARO FERREIRA DE MENDONÇA GASPAR;13;Advogado;PT;NORDESTE;Não Eleito;31479;278;2026-01-19 14:01:28
14192;Branca;Casado(a);55 a 59 anos;Masculino;Ensino Médio incompleto;IPUEIRAS;RAIMUNDO MELO SAMPAIO;12;Empresário;PDT;NORDESTE;Eleito;21450;10815;2026-01-19 14:01:28
14273;Parda;Casado(a);65 a 69 anos;Masculino;Superior completo;ITAPAJÉ;RAIMUNDO DIMAS ARAÚJO CRUZ;11;Servidor Público Federal;PP;NORDESTE;Eleito;28962;11730;2026-01-19 14:01:28
15598;Branca;Casado(a);45 a 49 anos;Masculino;Superior completo;SOBRAL;IVO FERREIRA GOMES;12;Advogado;PDT;NORDESTE;Eleito;112569;57908;2026-01-19 14:01:28
15130;Branca;Casado(a);30 a 34 anos;Masculino;Superior completo;PENAFORTE;RAFAEL FERREIRA ANGELO;15;Médico;PMDB;NORDESTE;Não Eleito;6754;3242;2026-01-19 14:01:28
13838;Parda;Casado(a);40 a 44 anos;Masculino;Superior completo;CRATEÚS;EDILSON ALVES MARTINS PINTO;50;Professor de Ensino Fundamental;PSOL;NORDESTE;Não Eleito;41621;449;2026-01-19 14:01:28
14672;Branca;Casado(a);35 a 39 anos;Masculino;Superior completo;MILAGRES;LIELSON MACEDO LANDIM;12;Administrador;PDT;NORDESTE;Eleito;17714;9312;2026-01-19 14:01:28
13595;Branca;Solteiro(a);25 a 29 anos;Feminino;Superior completo;CARIDADE;MARIA AMANDA LOPES COSTA;12;Advogado;PDT;NORDESTE;Eleito;13173;6869;2026-01-19 14:01:28
14290;Branca;Casado(a);45 a 49 anos;Masculino;Superior completo;ITAPIPOCA;GERALDO GOMES DE AZEVEDO FILHO;12;Advogado;PDT;NORDESTE;Não Eleito;71282;5714;2026-01-19 14:01:28
14796;Parda;Casado(a);45 a 49 anos;Masculino;Ensino Médio completo;MORRINHOS;CARLOS ALBERTO ROCHA BRUNO;45;Administrador;PSDB;NORDESTE;Eleito;14883;7726;2026-01-19 14:01:28
13021;Parda;Casado(a);50 a 54 anos;Masculino;Superior completo;MADALENA;ZARLUL KALIL FILHO;12;Militar Reformado;PDT;NORDESTE;Não Eleito;10980;2144;2026-01-19 14:01:28
14516;Parda;Solteiro(a);35 a 39 anos;Masculino;Ensino Médio completo;LAVRAS DA MANGABEIRA;JOÃO EUDES MACHADO DE LIMA;18;Motorista de Veículos de Transporte Coletivo de Passageiros;REDE;NORDESTE;Não Eleito;18532;156;2026-01-19 14:01:28
13978;Branca;Solteiro(a);50 a 54 anos;Masculino;Ensino Médio completo;GRANJEIRO;JOAO GREGORIO NETO;55;Comerciante;PSD;NORDESTE;Eleito;4501;2358;2026-01-19 14:01:28
15881;Parda;Casado(a);45 a 49 anos;Masculino;Ensino Médio completo;CROATÁ;ANTONIO RIBEIRO DE SOUSA;12;Vereador;PDT;NORDESTE;Eleito;10289;5256;2026-01-19 14:01:28
15997;Branca;Casado(a);60 a 64 anos;Masculino;Ensino Médio completo;PARAIPABA;CARLOS HENRIQUE DE AZEVEDO;12;Empresário;PDT;NORDESTE;Não Eleito;20064;7003;2026-01-19 14:01:28
14699;Parda;Casado(a);50 a 54 anos;Masculino;Superior completo;MISSÃO VELHA;TARDINY PINHEIRO ROBERTO;13;Odontólogo;PT;NORDESTE;Não Eleito;21857;10166;2026-01-19 14:01:28
14958;Parda;Casado(a);40 a 44 anos;Masculino;Ensino Médio completo;PACATUBA;PAULINO IBIAPINA BARBOSA NETO;35;Comerciante;PMB;NORDESTE;Não Eleito;35534;9845;2026-01-19 14:01:28
14150;Parda;Divorciado(a);50 a 54 anos;Masculino;Superior completo;IPAUMIRIM;JOSÉ GERALDO DOS SANTOS;15;Odontólogo;PMDB;NORDESTE;Eleito;7727;4109;2026-01-19 14:01:28
13552;Branca;Casado(a);50 a 54 anos;Masculino;Superior completo;CANINDÉ;LUIZ PINTO COELHO;70;Professor de Ensino Médio;PT do B;NORDESTE;Não Eleito;37114;6810;2026-01-19 14:01:28
13455;Parda;Casado(a);50 a 54 anos;Masculino;Superior completo;BELA CRUZ;CARLOS ANTONIO VASCONCELOS CARVALHO;12;Prefeito;PDT;NORDESTE;Não Eleito;16182;7377;2026-01-19 14:01:28
15733;Branca;Casado(a);45 a 49 anos;Masculino;Ensino Médio completo;UBAJARA;ALEXANDRE TOMAZ DA ROCHA;25;Agricultor;DEM;NORDESTE;Não Eleito;18854;2843;2026-01-19 14:01:28
13552;Parda;Solteiro(a);40 a 44 anos;Masculino;Ensino Médio completo;CANINDÉ;PEDRO MIRIALDO MARQUES UCHOA;45;Servidor Público Municipal;PSDB;NORDESTE;Não Eleito;37114;3409;2026-01-19 14:01:28
14532;Branca;Casado(a);70 a 74 anos;Masculino;Superior completo;LIMOEIRO DO NORTE;JOSÉ MARIA DE OLIVEIRA LUCENA;15;Servidor Público Federal;PMDB;NORDESTE;Eleito;34671;24938;2026-01-19 14:01:28
14494;Branca;Casado(a);50 a 54 anos;Feminino;Superior completo;JUCÁS;LILIAN DE SOUSA HOLANDA FACUNDO;22;Empresário;PR;NORDESTE;Não Eleito;15873;7126;2026-01-19 14:01:28
14435;Parda;Casado(a);40 a 44 anos;Masculino;Superior completo;JARDIM;ODAILTON CARLOS ANGELIM ALENCAR;12;Administrador;PDT;NORDESTE;Não Eleito;16133;5517;2026-01-19 14:01:28
14974;Parda;Casado(a);45 a 49 anos;Masculino;Superior completo;PACOTI;MARCOS VENICIOS NORJOSA GONZAGA;13;Servidor Público Municipal;PT;NORDESTE;Não Eleito;8354;3690;2026-01-19 14:01:28
15989;Parda;Solteiro(a);45 a 49 anos;Masculino;Superior completo;DEPUTADO IRAPUAN PINHEIRO;LUIZ CLAUDENILTON PINHEIRO;45;Administrador;PSDB;NORDESTE;Eleito;5584;4035;2026-01-19 14:01:28
13234;Parda;Solteiro(a);35 a 39 anos;Masculino;Ensino Médio completo;ARACOIABA;WELLINGTON SILVA DE OLIVEIRA;22;Administrador;PL;NORDESTE;Não Eleito;19096;8731;2026-01-19 14:01:28
15814;Branca;Solteiro(a);50 a 54 anos;Masculino;Superior completo;VÁRZEA ALEGRE;JOSÉ HELDER MÁXIMO DE CARVALHO;15;Empresário;PMDB;NORDESTE;Eleito;23460;13520;2026-01-19 14:01:28
13145;Parda;Casado(a);40 a 44 anos;Masculino;Ensino Fundamental completo;ACARAPE;FRANCISCO EDILBERTO BESERRA BARROSO;22;Empresário;PR;NORDESTE;Não Eleito;10297;4786;2026-01-19 14:01:28
14273;Parda;Casado(a);40 a 44 anos;Masculino;Superior completo;ITAPAJÉ;EDGAR MARTINS FARIAS FILHO;43;Engenheiro;PV;NORDESTE;Não Eleito;28962;1585;2026-01-19 14:01:28
14257;Parda;Casado(a);55 a 59 anos;Masculino;Superior completo;ITAIÇABA;JOSÉ ERENARCO DA SILVA;15;Advogado;PMDB;NORDESTE;Eleito;5996;3090;2026-01-19 14:01:28
13188;Branca;Casado(a);65 a 69 anos;Masculino;Ensino Fundamental completo;HORIZONTE;JOSE ROCHA NETO;14;Empresário;PTB;NORDESTE;Não Eleito;42189;10993;2026-01-19 14:01:28
13730;Parda;Casado(a);45 a 49 anos;Masculino;Ensino Médio completo;CAUCAIA;NAUMI GOMES DE AMORIM;35;Deputado;PMB;NORDESTE;Segundo turno;152420;73316;2026-01-19 14:01:28
14990;Branca;Casado(a);40 a 44 anos;Masculino;Superior completo;PACUJÁ;ALEX HENRIQUE ALVES DE MELO;12;Contador;PDT;NORDESTE;Eleito;4896;2583;2026-01-19 14:01:28
13374;Branca;Solteiro(a);35 a 39 anos;Masculino;Superior completo;BARBALHA;ARGEMIRO SAMPAIO NETO;45;Engenheiro;PSDB;NORDESTE;Eleito;33518;16570;2026-01-19 14:01:28
13650;Parda;Casado(a);45 a 49 anos;Masculino;Ensino Fundamental incompleto;CARIÚS;JOSE FERNANDES FERREIRA;45;Comerciante;PSDB;NORDESTE;Eleito;12020;5811;2026-01-19 14:01:28
13196;Parda;Solteiro(a);35 a 39 anos;Masculino;Superior completo;AQUIRAZ;JOAQUIM HELANO PAIVA;50;Servidor Público Municipal;PSOL;NORDESTE;Não Eleito;43376;2150;2026-01-19 14:01:28
13692;Branca;Casado(a);50 a 54 anos;Feminino;Superior completo;CASCAVEL;FRANCISCA IVONETE MATEUS PEREIRA;12;Prefeito;PDT;NORDESTE;Eleito;38230;20144;2026-01-19 14:01:28
15610;Parda;Solteiro(a);40 a 44 anos;Masculino;Ensino Médio completo;SOLONÓPOLE;MARCOS PAULO JOSINO SILVA;13;Servidor Público Municipal;PT;NORDESTE;Não Eleito;11562;340;2026-01-19 14:01:28
15016;Parda;Casado(a);55 a 59 anos;Masculino;Superior incompleto;PALHANO;JOÃO BATISTA DE SANTIAGO;55;Professor de Ensino Médio;PSD;NORDESTE;Não Eleito;7483;3022;2026-01-19 14:01:28
13617;Branca;Casado(a);55 a 59 anos;Masculino;Superior completo;CARIRÉ;ELMO ROBERTO BELCHIOR AGUIAR;12;Engenheiro;PDT;NORDESTE;Eleito;11788;9042;2026-01-19 14:01:28
13773;Parda;Casado(a);45 a 49 anos;Masculino;Ensino Fundamental incompleto;CHAVAL;SEBASTIÃO SOTERO VERAS;12;Vereador;PDT;NORDESTE;Eleito;8648;5998;2026-01-19 14:01:28
15270;Parda;Casado(a);55 a 59 anos;Masculino;Superior completo;QUIXADÁ;JOSÉ ILÁRIO GONÇALVES MARQUES;13;Advogado;PT;NORDESTE;Eleito;44728;25469;2026-01-19 14:01:28
13366;Branca;Casado(a);50 a 54 anos;Masculino;Ensino Médio completo;TARRAFAS;CLAUDIO ALVES PALÁCIO;55;Empresário;PSD;NORDESTE;Não Eleito;5929;2747;2026-01-19 14:01:28
14036;Parda;Solteiro(a);35 a 39 anos;Feminino;Superior completo;GUARAMIRANGA;LADY DIANA ARRUDA MOTA;11;Enfermeiro;PP;NORDESTE;Não Eleito;4801;307;2026-01-19 14:01:28
15253;Branca;Casado(a);35 a 39 anos;Feminino;Superior completo;POTENGI;ANTONIA ALIZANDRA GOMES DOS SANTOS;13;Enfermeiro;PT;NORDESTE;Eleito;5120;3369;2026-01-19 14:01:28
13420;Branca;Casado(a);40 a 44 anos;Masculino;Superior completo;ARARENDÁ;ARISTEU ALVES EDUARDO;13;Prefeito;PT;NORDESTE;Eleito;6821;4091;2026-01-19 14:01:28
15830;Branca;Casado(a);55 a 59 anos;Masculino;Ensino Médio incompleto;VIÇOSA DO CEARÁ;JOSE FIRMINO DE ARRUDA;15;Comerciante;PMDB;NORDESTE;Eleito;34178;19116;2026-01-19 14:01:28
13080;Branca;Casado(a);60 a 64 anos;Feminino;Ensino Médio completo;TURURU;MARIA DE FÁTIMA GALDINO ALBUQUERQUE;12;Empresário;PDT;NORDESTE;Eleito;11534;5203;2026-01-19 14:01:28
13021;Parda;Casado(a);40 a 44 anos;Feminino;Superior completo;MADALENA;MARIA SONIA DE OLIVEIRA COSTA;15;Vereador;PMDB;NORDESTE;Eleito;10980;7640;2026-01-19 14:01:28
14532;Branca;Casado(a);60 a 64 anos;Masculino;Superior incompleto;LIMOEIRO DO NORTE;PEDRO JULIAO BANDEIRA REGIS;11;Empresário;PP;NORDESTE;Não Eleito;34671;1029;2026-01-19 14:01:28
14052;Branca;Solteiro(a);40 a 44 anos;Feminino;Ensino Médio completo;HIDROLÂNDIA;IRES MOURA OLIVEIRA;12;Empresário;PDT;NORDESTE;Eleito;12860;7001;2026-01-19 14:01:28
13757;Branca;Casado(a);50 a 54 anos;Masculino;Superior completo;CEDRO;FRANCISCO NILSON ALVES DINIZ;12;Médico;PDT;NORDESTE;Eleito;16780;8640;2026-01-19 14:01:28
14257;Parda;Divorciado(a);50 a 54 anos;Masculino;Superior completo;ITAIÇABA;FRANK GOMES FREITAS;12;Servidor Público Municipal;PDT;NORDESTE;Não Eleito;5996;2906;2026-01-19 14:01:28
13331;Branca;Solteiro(a);45 a 49 anos;Masculino;Superior completo;AURORA;WILAMES FREIRE BEZERRA;12;Odontólogo;PDT;NORDESTE;Não Eleito;16646;1421;2026-01-19 14:01:28
14516;Branca;Solteiro(a);45 a 49 anos;Masculino;Ensino Médio completo;LAVRAS DA MANGABEIRA;FRANCISCO REINHARD DIAS FERREIRA;45;Empresário;PSDB;NORDESTE;Não Eleito;18532;1099;2026-01-19 14:01:28
15393;Branca;Casado(a);50 a 54 anos;Masculino;Superior completo;SABOEIRO;JOSE GOTARDO DOS SANTOS MARTINS;55;Produtor Agropecuário;PSD;NORDESTE;Eleito;10317;5178;2026-01-19 14:01:28
13447;Branca;Casado(a);35 a 39 anos;Feminino;Superior completo;CATUNDA;RAVENNA FERNANDES GOMES MESQUITA LIMA;12;Advogado;PDT;NORDESTE;Eleito;6805;3612;2026-01-19 14:01:28
13730;Branca;Solteiro(a);40 a 44 anos;Masculino;Superior incompleto;CAUCAIA;EDUARDO DE CASTRO PESSOA DE LIMA;45;Vereador;PSDB;NORDESTE;Não Eleito;148905;68149;2026-01-19 14:01:28
15431;Branca;Casado(a);55 a 59 anos;Masculino;Superior completo;SANTANA DO CARIRI;VICENTE BRILHANTE FEITOSA;12;Servidor Público Federal;PDT;NORDESTE;Não Eleito;9993;4989;2026-01-19 14:01:28
98531;Branca;Solteiro(a);30 a 34 anos;Masculino;Superior completo;QUIXELÔ;SAMUEL ALVES DE ARAUJO;40;Vereador;PSB;NORDESTE;Não Eleito;11064;5161;2026-01-19 14:01:28
15776;Branca;Casado(a);65 a 69 anos;Masculino;Superior completo;URUBURETAMA;JOSÉ HILSON DE PAIVA;65;Médico;PC do B;NORDESTE;Eleito;13807;10558;2026-01-19 14:01:28
13315;Branca;Casado(a);50 a 54 anos;Masculino;Ensino Médio incompleto;ASSARÉ;FRANCISCO MARTINS ALENCAR;23;Empresário;PPS;NORDESTE;Não Eleito;14228;21;2026-01-19 14:01:28
15938;Branca;Casado(a);40 a 44 anos;Masculino;Superior completo;ICAPUÍ;MARCOS JOSÉ FERREIRA NUNES;65;Servidor Público Municipal;PC do B;NORDESTE;Não Eleito;13306;346;2026-01-19 14:01:28
13536;Branca;Casado(a);65 a 69 anos;Masculino;Ensino Médio completo;CAMPOS SALES;MOÉSIO LOIOLA DE MELO;12;Prefeito;PDT;NORDESTE;Eleito;11422;11051;2026-01-19 14:01:28
14494;Parda;Casado(a);60 a 64 anos;Masculino;Ensino Médio completo;JUCÁS;RAIMUNDO LUNA NETO;12;Empresário;PDT;NORDESTE;Eleito;15873;8747;2026-01-19 14:01:28
13951;Parda;Casado(a);45 a 49 anos;Masculino;Ensino Fundamental completo;GRANJA;RAIMUNDO FÉLIX PEREIRA;77;Comerciante;SD;NORDESTE;Não Eleito;32101;607;2026-01-19 14:01:28
98531;Indígena;Casado(a);45 a 49 anos;Masculino;Superior completo;QUIXELÔ;JOSÉ MÁCIO ALVES;50;Bancário e Economiário;PSOL;NORDESTE;Não Eleito;11064;44;2026-01-19 14:01:28
15555;Parda;Casado(a);50 a 54 anos;Masculino;Superior completo;SENADOR POMPEU;GERALDO GONCALVES DO NASCIMENTO JUNIOR;50;Servidor Público Estadual;PSOL;NORDESTE;Não Eleito;16483;239;2026-01-19 14:01:28
14516;Branca;Casado(a);65 a 69 anos;Masculino;Superior completo;LAVRAS DA MANGABEIRA;GUSTAVO AUGUSTO LIMA BISNETO;12;Prefeito;PDT;NORDESTE;Não Eleito;18532;7339;2026-01-19 14:01:28
13196;Branca;Casado(a);75 a 79 anos;Masculino;Superior completo;AQUIRAZ;EDSON SÁ;15;Servidor Público Civil Aposentado;PMDB;NORDESTE;Eleito;43376;26348;2026-01-19 14:01:28
15458;Parda;Casado(a);40 a 44 anos;Masculino;Superior completo;SANTA QUITÉRIA;FABIANO MAGALHAES DE MESQUITA;12;Prefeito;PDT;NORDESTE;Não Eleito;25990;9410;2026-01-19 14:01:28
13250;Branca;Casado(a);45 a 49 anos;Masculino;Superior completo;ARARIPE;GIOVANE GUEDES SILVESTRE;22;Prefeito;PR;NORDESTE;Eleito;13249;7671;2026-01-19 14:01:28
13234;Parda;Casado(a);35 a 39 anos;Masculino;Superior completo;ARACOIABA;THIAGO CAMPELO NOGUEIRA;12;Advogado;PDT;NORDESTE;Eleito;19096;10365;2026-01-19 14:01:28
14273;Parda;Casado(a);45 a 49 anos;Masculino;Superior completo;ITAPAJÉ;KELSEY FORTE DA SILVA GOMES;40;Médico;PSB;NORDESTE;Não Eleito;28962;5709;2026-01-19 14:01:28
15075;Parda;Casado(a);45 a 49 anos;Masculino;Ensino Médio completo;PARAMBU;RAIMUNDO NORONHA FILHO;77;Empresário;SD;NORDESTE;Eleito;20536;12345;2026-01-19 14:01:28
15857;Branca;Casado(a);30 a 34 anos;Masculino;Superior completo;MARACANAÚ;JULIO CESAR COSTA LIMA JUNIOR;12;Deputado;PDT;NORDESTE;Não Eleito;112784;31469;2026-01-19 14:01:28
13005;Parda;Casado(a);45 a 49 anos;Masculino;Ensino Médio completo;JIJOCA DE JERICOACOARA;RAIMUNDO NONATO DE CARVALHO MOTA;51;Outros;PEN;NORDESTE;Não Eleito;11227;53;2026-01-19 14:01:28
15938;Branca;Divorciado(a);50 a 54 anos;Masculino;Superior completo;ICAPUÍ;RAIMUNDO LACERDA FILHO;15;Advogado;PMDB;NORDESTE;Eleito;13306;7263;2026-01-19 14:01:28
13048;Branca;Casado(a);30 a 34 anos;Feminino;Ensino Médio completo;PIRES FERREIRA;MARIA MARFISA MARQUES AGUIAR;12;Empresário;PDT;NORDESTE;Eleito;6300;3640;2026-01-19 14:01:28
13161;Parda;Casado(a);35 a 39 anos;Masculino;Superior completo;CHOROZINHO;FRANCISCO DE CASTRO MENEZES JUNIOR;55;Advogado;PSD;NORDESTE;Eleito;14603;7988;2026-01-19 14:01:28
13218;Branca;Casado(a);55 a 59 anos;Masculino;Ensino Médio completo;ARACATI;BISMARCK COSTA LIMA PINHEIRO MAIA;14;Empresário;PTB;NORDESTE;Eleito;30987;17766;2026-01-19 14:01:28
14478;Parda;Casado(a);55 a 59 anos;Masculino;Superior completo;JUAZEIRO DO NORTE;FRANCISCO DEMONTIEUX FERNANDES;50;Jornalista e Redator;PSOL;NORDESTE;Não Eleito;129994;4013;2026-01-19 14:01:28
13390;Parda;Casado(a);50 a 54 anos;Masculino;Superior completo;BARRO;CICERO GENALDO DOS SANTOS;13;Farmacêutico;PT;NORDESTE;Não Eleito;12238;150;2026-01-19 14:01:28
15113;Branca;Viúvo(a);70 a 74 anos;Masculino;Ensino Fundamental incompleto;PEDRA BRANCA;ANTONIO GOIS MONTEIRO MENDES;44;Empresário;PRP;NORDESTE;Eleito;26608;16796;2026-01-19 14:01:28
15970;Branca;Solteiro(a);50 a 54 anos;Masculino;Superior completo;MILHÃ;JOSE DARLAN DANTAS PINHEIRO;55;Administrador;PSD;NORDESTE;Eleito;9284;4922;2026-01-19 14:01:28
13439;Parda;Solteiro(a);35 a 39 anos;Masculino;Superior completo;BEBERIBE;PEDRO DA CUNHA;55;Outros;PSD;NORDESTE;Eleito;34806;18362;2026-01-19 14:01:28
98558;Branca;Casado(a);70 a 74 anos;Feminino;Superior completo;UMIRIM;MARIA JOSÉ VERAS CORREA;18;Aposentado (Exceto Servidor Público);REDE;NORDESTE;Não Eleito;12444;41;2026-01-19 14:01:28
14877;Parda;Solteiro(a);55 a 59 anos;Masculino;Ensino Fundamental completo;NOVA RUSSAS;EDILSON ALVES DE CASTRO;54;Pecuarista;PPL;NORDESTE;Não Eleito;13861;262;2026-01-19 14:01:28
15377;Branca;Casado(a);30 a 34 anos;Masculino;Ensino Médio completo;RUSSAS;DAMIÃO GONÇALVES D'OLIVEIRA JÚNIOR;18;Comunicólogo;REDE;NORDESTE;Não Eleito;44137;2903;2026-01-19 14:01:28
13730;Parda;Casado(a);50 a 54 anos;Masculino;Ensino Médio completo;CAUCAIA;MARCUS VINICIUS ALBUQUERQUE XIMENES;18;Empresário;REDE;NORDESTE;Não Eleito;152420;193;2026-01-19 14:01:28
14478;Branca;Casado(a);50 a 54 anos;Masculino;Ensino Médio completo;JUAZEIRO DO NORTE;GILMAR LUIZ BENDER;12;Empresário;PDT;NORDESTE;Não Eleito;129994;44321;2026-01-19 14:01:28
13897;Branca;Casado(a);35 a 39 anos;Masculino;Superior completo;FORTALEZA;WAGNER SOUSA GOMES;22;Militar Reformado;PR;NORDESTE;Não Eleito;1267298;588451;2026-01-19 14:01:28
15555;Parda;Solteiro(a);35 a 39 anos;Masculino;Superior incompleto;SENADOR POMPEU;ANTONIO MENDES DE CARVALHO;13;Prefeito;PT;NORDESTE;Não Eleito;16483;5055;2026-01-19 14:01:28
13277;Branca;Casado(a);50 a 54 anos;Masculino;Superior completo;ARATUBA;JOSE MENEZES PAIVA;43;Servidor Público Estadual;PV;NORDESTE;Não Eleito;9139;234;2026-01-19 14:01:28
13234;Parda;Casado(a);30 a 34 anos;Masculino;Superior completo;ARACOIABA;THIAGO CAMPELO NOGUEIRA;12;Advogado;PDT;NORDESTE;Não Eleito;20569;6330;2026-01-19 14:01:28
13692;Branca;Casado(a);45 a 49 anos;Feminino;Superior completo;CASCAVEL;ANA PAULA VILA REAL DANTAS;14;Contador;PTB;NORDESTE;Não Eleito;39608;12441;2026-01-19 14:01:28
14699;Parda;Casado(a);25 a 29 anos;Masculino;Superior completo;MISSÃO VELHA;DIEGO GONDIM FEITOSA;15;Advogado;PMDB;NORDESTE;Eleito;21857;11691;2026-01-19 14:01:28
15016;Parda;Solteiro(a);35 a 39 anos;Masculino;Ensino Médio completo;PALHANO;IVANILDO NUNES DA SILVA;13;Ceramista e Oleiro;PT;NORDESTE;Eleito;7483;4461;2026-01-19 14:01:28
13510;Branca;Casado(a);40 a 44 anos;Feminino;Superior completo;CAMOCIM;MONICA GOMES AGUIAR;12;Pedagogo;PDT;NORDESTE;Eleito;36581;18411;2026-01-19 14:01:28
15334;Branca;Casado(a);40 a 44 anos;Masculino;Superior completo;REDENÇÃO;CESARIANO RODRIGUES FERNANDES;13;Prefeito;PT;NORDESTE;Não Eleito;11386;1880;2026-01-19 14:01:28
14478;Branca;Casado(a);65 a 69 anos;Masculino;Superior completo;JUAZEIRO DO NORTE;JOSE ARNON CRUZ BEZERRA DE MENEZES;14;Deputado;PTB;NORDESTE;Eleito;129994;55538;2026-01-19 14:01:28
15377;Parda;Casado(a);65 a 69 anos;Masculino;Superior completo;RUSSAS;RAIMUNDO WEBER DE ARAÚJO;10;Prefeito;PRB;NORDESTE;Eleito;44137;20841;2026-01-19 14:01:28
13390;Preta;Casado(a);50 a 54 anos;Masculino;Ensino Médio completo;BARRO;JOÃO FELIX DE SOUSA;50;Servidor Público Federal;PSOL;NORDESTE;Não Eleito;12238;103;2026-01-19 14:01:28
13358;Branca;Divorciado(a);55 a 59 anos;Masculino;Ensino Médio completo;BAIXIO;JOSÉ HUMBERTO MOURA RAMALHO;40;Tabelião;PSB;NORDESTE;Eleito;4440;2490;2026-01-19 14:01:28
13897;Parda;Casado(a);55 a 59 anos;Masculino;Superior incompleto;FORTALEZA;JOÃO ALFREDO TELLES MELO;50;Vereador;PSOL;NORDESTE;Não Eleito;1286510;18048;2026-01-19 14:01:28
15881;Parda;Solteiro(a);30 a 34 anos;Masculino;Superior incompleto;CROATÁ;THOMAZ LAUREANNO FARIAS DE ARAGAO;12;Empresário;PDT;NORDESTE;Eleito;10103;5058;2026-01-19 14:01:28
13005;Parda;Casado(a);60 a 64 anos;Masculino;Ensino Médio completo;JIJOCA DE JERICOACOARA;FRANCISCO TEIXEIRA BRANDÃO;50;Agricultor;PSOL;NORDESTE;Não Eleito;11227;115;2026-01-19 14:01:28
14176;Branca;Casado(a);60 a 64 anos;Masculino;Ensino Médio incompleto;IPU;FRANCISCO DE ASSIS BARROSO FARIAS;40;Comerciante;PSB;NORDESTE;Não Eleito;23982;99;2026-01-19 14:01:28
15032;Parda;Solteiro(a);45 a 49 anos;Masculino;Ensino Fundamental incompleto;PALMÁCIA;EVERARDO BATISTA DE SOUSA;28;Empresário;PRTB;NORDESTE;Não Eleito;7636;2762;2026-01-19 14:01:28
13633;Branca;Casado(a);50 a 54 anos;Masculino;Ensino Médio completo;CARIRIAÇU;JOÃO MARCOS PEREIRA;15;Empresário;PMDB;NORDESTE;Não Eleito;18477;8587;2026-01-19 14:01:28
15458;Branca;Casado(a);60 a 64 anos;Masculino;Superior completo;SANTA QUITÉRIA;TOMAS ANTONIO ALBUQUERQUE DE PAULA PESSOA;15;Engenheiro;PMDB;NORDESTE;Eleito;25990;13594;2026-01-19 14:01:28
14435;Parda;Casado(a);50 a 54 anos;Masculino;Superior completo;JARDIM;ANTONIO AMARO DE ARAUJO;18;Professor de Ensino Fundamental;REDE;NORDESTE;Não Eleito;16133;82;2026-01-19 14:01:28
15610;Branca;Casado(a);35 a 39 anos;Masculino;Ensino Fundamental completo;SOLONÓPOLE;MANOEL NASCIMENTO DE SOUZA;54;Empresário;PPL;NORDESTE;Não Eleito;11562;19;2026-01-19 14:01:28
15881;Branca;Casado(a);65 a 69 anos;Masculino;Ensino Fundamental incompleto;CROATÁ;ANTONIO FELINTO FILHO;15;Agricultor;MDB;NORDESTE;Não Eleito;10289;5033;2026-01-19 14:01:28
14192;Branca;Solteiro(a);21 a 24 anos;Masculino;Superior incompleto;IPUEIRAS;FRANCISCO SOUTO DE VASCONCELOS JÚNIOR;15;Empresário;PMDB;NORDESTE;Não Eleito;21450;10635;2026-01-19 14:01:28
13730;Branca;Casado(a);40 a 44 anos;Masculino;Ensino Médio completo;CAUCAIA;SILVIO DE ALENCAR MARTINS;11;Vereador;PP;NORDESTE;Não Eleito;152420;16751;2026-01-19 14:01:28
13226;Branca;Casado(a);60 a 64 anos;Masculino;Superior completo;EUSÉBIO;ACILON GONÇALVES PINTO JUNIOR;51;Médico;PEN;NORDESTE;Eleito;31849;25861;2026-01-19 14:01:28
14877;Parda;Casado(a);55 a 59 anos;Masculino;Ensino Médio completo;NOVA RUSSAS;GONÇALO SOUTO DIOGO;12;Industrial;PDT;NORDESTE;Não Eleito;13861;6417;2026-01-19 14:01:28
15431;Parda;Casado(a);75 a 79 anos;Masculino;Ensino Fundamental completo;SANTANA DO CARIRI;JESUS WERTON GARCIA;55;Pecuarista;PSD;NORDESTE;Não Eleito;10390;5158;2026-01-19 14:01:28
14478;Branca;Casado(a);35 a 39 anos;Feminino;Superior completo;JUAZEIRO DO NORTE;FLAVIA CHARMENE VITAL SOARES ROCHA;10;Advogado;PRB;NORDESTE;Não Eleito;129994;2864;2026-01-19 14:01:28
15695;Branca;Solteiro(a);30 a 34 anos;Masculino;Superior completo;TIANGUÁ;JOSÉ JAYDSON SARAIVA DE AGUIAR;14;Médico;PTB;NORDESTE;Eleito;41714;22203;2026-01-19 14:01:28
14060;Parda;Casado(a);50 a 54 anos;Feminino;Superior completo;IBARETAMA;ELIRIA MARIA FREITAS DE QUEIROZ;55;Prefeito;PSD;NORDESTE;Não Eleito;9950;3884;2026-01-19 14:01:28
13340;Branca;Divorciado(a);60 a 64 anos;Masculino;Superior completo;IPAPORANGA;ANTONIO ALVES MELO;13;Administrador;PT;NORDESTE;Eleito;6970;4306;2026-01-19 14:01:28
13838;Branca;Casado(a);55 a 59 anos;Masculino;Superior completo;CRATEÚS;ANTONIO MAURO RODRIGUES SOARES;13;Prefeito;PT;NORDESTE;Não Eleito;41621;15039;2026-01-19 14:01:28
13331;Branca;Casado(a);30 a 34 anos;Masculino;Superior completo;AURORA;JOAO ANTONIO DE MACEDO JUNIOR;22;Médico;PR;NORDESTE;Eleito;16646;8015;2026-01-19 14:01:28
13897;Branca;Casado(a);40 a 44 anos;Masculino;Superior completo;FORTALEZA;ROBERTO CLAUDIO RODRIGUES BEZERRA;12;Médico;PDT;NORDESTE;Segundo turno;1286510;524973;2026-01-19 14:01:28
14338;Parda;Casado(a);50 a 54 anos;Masculino;Ensino Médio completo;ITATIRA;ANTONIO ALMIR BIE DA SILVA;12;Prefeito;PDT;NORDESTE;Eleito;14112;7602;2026-01-19 14:01:28
13030;Branca;Casado(a);40 a 44 anos;Masculino;Ensino Médio completo;ACARAÚ;ALEXANDRE FERREIRA GOMES DA SILVEIRA;12;Empresário;PDT;NORDESTE;Eleito;17727;17727;2026-01-19 14:01:28
13420;Parda;Casado(a);40 a 44 anos;Masculino;Superior completo;ARARENDÁ;PAULO FERNANDO MOURAO VERAS;55;Professor de Ensino Superior;PSD;NORDESTE;Não Eleito;6821;2730;2026-01-19 14:01:28
13188;Parda;Casado(a);60 a 64 anos;Masculino;Superior completo;HORIZONTE;FRANCISCO CESAR DE SOUSA;45;Empresário;PSDB;NORDESTE;Eleito;42189;29902;2026-01-19 14:01:28
14133;Branca;Solteiro(a);50 a 54 anos;Masculino;Superior completo;INDEPENDÊNCIA;JOSE VALDI COUTINHO;55;Engenheiro;PSD;NORDESTE;Eleito;9958;8004;2026-01-19 14:01:28
15954;Parda;Divorciado(a);50 a 54 anos;Masculino;Ensino Médio completo;ITAREMA;ELIZEU CHARLES MONTEIRO;12;Empresário;PDT;NORDESTE;Eleito;24730;13456;2026-01-19 14:01:28
15636;Branca;Solteiro(a);30 a 34 anos;Masculino;Superior completo;TABULEIRO DO NORTE;RILDSON RABELO VASCONCELOS;55;Médico;PSD;NORDESTE;Eleito;19812;10854;2026-01-19 14:01:28
14478;Branca;Divorciado(a);50 a 54 anos;Feminino;Superior incompleto;JUAZEIRO DO NORTE;HELAINE MARIA MENEZES MENDONÇA;35;Empresário;PMB;NORDESTE;Não Eleito;129994;1017;2026-01-19 14:01:28
13099;Parda;Solteiro(a);30 a 34 anos;Masculino;Ensino Fundamental completo;ALCÂNTARAS;JOAQUIM FREIRE CARVALHO;12;Comerciante;PDT;NORDESTE;Eleito;7464;4334;2026-01-19 14:01:28
15873;Branca;Casado(a);40 a 44 anos;Masculino;Superior incompleto;AMONTADA;PAULO CESAR DOS SANTOS;13;Administrador;PT;NORDESTE;Não Eleito;24854;9760;2026-01-19 14:01:28
15032;Branca;Solteiro(a);25 a 29 anos;Masculino;Ensino Médio completo;PALMÁCIA;DAVID CAMPOS MARTINS;90;Empresário;PROS;NORDESTE;Eleito;7636;4874;2026-01-19 14:01:28
13854;Parda;Casado(a);50 a 54 anos;Masculino;Superior completo;CRATO;ANTONIO CARLOS FERREIRA ARAÚJO;65;Professor de Ensino Médio;PC do B;NORDESTE;Não Eleito;64202;1819;2026-01-19 14:01:28
14532;Branca;Casado(a);60 a 64 anos;Masculino;Superior completo;LIMOEIRO DO NORTE;PAULO CARLOS SILVA DUARTE;25;Prefeito;DEM;NORDESTE;Não Eleito;34671;7342;2026-01-19 14:01:28
13439;Parda;Casado(a);55 a 59 anos;Masculino;Ensino Fundamental incompleto;BEBERIBE;JOSE ARI PEREIRA;19;Outros;PTN;NORDESTE;Não Eleito;34806;136;2026-01-19 14:01:28
14990;Branca;Casado(a);40 a 44 anos;Masculino;Superior incompleto;PACUJÁ;ERALDO RODRIGUES AGUIAR;65;Outros;PC do B;NORDESTE;Não Eleito;4896;2313;2026-01-19 14:01:28
13854;Branca;Casado(a);50 a 54 anos;Masculino;Superior completo;CRATO;JOSE AILTON DE SOUSA BRASIL;11;Deputado;PP;NORDESTE;Eleito;64202;37740;2026-01-19 14:01:28
13501;Parda;Casado(a);50 a 54 anos;Feminino;Superior completo;FORTIM;RAIMUNDA RIBEIRO DOS SANTOS;35;Pedagogo;PMB;NORDESTE;Não Eleito;11697;4379;2026-01-19 14:01:28
13331;Parda;Casado(a);45 a 49 anos;Masculino;Superior completo;AURORA;MARCONE TAVARES DE LUNA;55;Empresário;PSD;NORDESTE;Não Eleito;16646;7210;2026-01-19 14:01:28
13129;Branca;Casado(a);30 a 34 anos;Masculino;Ensino Médio completo;BARREIRA;ALAN NEMER GUEDES DA SILVA;15;Vereador;PMDB;NORDESTE;Não Eleito;15364;7506;2026-01-19 14:01:28
15989;Branca;Casado(a);50 a 54 anos;Masculino;Ensino Fundamental incompleto;DEPUTADO IRAPUAN PINHEIRO;JOSÉ ILCA DE OLIVEIRA;13;Agricultor;PT;NORDESTE;Não Eleito;5584;1549;2026-01-19 14:01:28
15750;Branca;Casado(a);21 a 24 anos;Feminino;Superior completo;UMARI;ANA PAULA ARAUJO VIANA ALENCAR;31;Enfermeiro;PHS;NORDESTE;Não Eleito;4814;2075;2026-01-19 14:01:28
13730;Parda;Casado(a);45 a 49 anos;Masculino;Superior completo;CAUCAIA;HIPOLITO INDIO GUIMARAES NETO;36;Contador;PTC;NORDESTE;Não Eleito;152420;11523;2026-01-19 14:01:28
15830;Branca;Casado(a);60 a 64 anos;Masculino;Superior completo;VIÇOSA DO CEARÁ;FRANCISCO DE OLIVEIRA LIMA;65;Médico;PC do B;NORDESTE;Não Eleito;34178;940;2026-01-19 14:01:28
15237;Parda;Solteiro(a);40 a 44 anos;Masculino;Superior completo;PORTEIRAS;GILMAR ALVES NETO;11;Médico;PP;NORDESTE;Não Eleito;10064;3083;2026-01-19 14:01:28
13170;Parda;Casado(a);65 a 69 anos;Masculino;Superior completo;APUIARÉS;FRANCISCO JOSÉ BARBOSA GOIS;12;Administrador;PDT;NORDESTE;Não Eleito;10449;4921;2026-01-19 14:01:28
14958;Parda;Casado(a);30 a 34 anos;Masculino;Superior completo;PACATUBA;THIAGO MOREIRA RODRIGUES;22;Médico;PR;NORDESTE;Não Eleito;35534;11505;2026-01-19 14:01:28
14737;Branca;Solteiro(a);55 a 59 anos;Masculino;Ensino Médio completo;MONSENHOR TABOSA;SEBASTIÃO ROSA CHAVES FILHO;22;Empresário;PR;NORDESTE;Não Eleito;11439;195;2026-01-19 14:01:28
13226;Branca;Separado(a) judicialmente;55 a 59 anos;Masculino;Superior completo;EUSÉBIO;MAURO HENRIQUE NASCIMENTO RAMALHO;22;Médico;PR;NORDESTE;Não Eleito;31849;5723;2026-01-19 14:01:28
13129;Branca;Casado(a);40 a 44 anos;Masculino;Superior completo;BARREIRA;ANTONIO ALAILSON OLIVEIRA SALDANHA;13;Administrador;PT;NORDESTE;Eleito;15364;7858;2026-01-19 14:01:28
13650;Branca;Casado(a);40 a 44 anos;Masculino;Ensino Fundamental completo;CARIÚS;ANTONIO VALDENIZO DA COSTA;35;Motorista de Veículos de Transporte Coletivo de Passageiros;PMB;NORDESTE;Não Eleito;12020;5811;2026-01-19 14:01:28
13579;Parda;Casado(a);40 a 44 anos;Masculino;Ensino Médio completo;CAPISTRANO;FRANCISCO ALESSANDRO ARAÚJO DE QUEIROZ;11;Empresário;PP;NORDESTE;Não Eleito;12762;5724;2026-01-19 14:01:28
13730;Branca;Solteiro(a);40 a 44 anos;Masculino;Superior incompleto;CAUCAIA;EDUARDO DE CASTRO PESSOA DE LIMA;45;Vereador;PSDB;NORDESTE;Segundo turno;152420;48450;2026-01-19 14:01:28
14630;Branca;Casado(a);40 a 44 anos;Masculino;Superior completo;MAURITI;JOSEVAN LEITE DE OLIVEIRA;12;Administrador;PDT;NORDESTE;Eleito;27071;15589;2026-01-19 14:01:28
14150;Branca;Casado(a);45 a 49 anos;Masculino;Ensino Médio completo;IPAUMIRIM;WILSON ALVES DE FREITAS;55;Empresário;PSD;NORDESTE;Não Eleito;7727;3618;2026-01-19 14:01:28
13080;Parda;Casado(a);65 a 69 anos;Masculino;Ensino Médio completo;TURURU;FRANCISCO ANTONIO CIDRÃO MORAIS;14;Prefeito;PTB;NORDESTE;Não Eleito;11534;1333;2026-01-19 14:01:28
14478;Parda;Casado(a);55 a 59 anos;Masculino;Superior completo;JUAZEIRO DO NORTE;NORMANDO SORACLES GONÇALVES DAMASCENA;45;Vereador;PSDB;NORDESTE;Não Eleito;129994;13157;2026-01-19 14:01:28
13412;Branca;Casado(a);60 a 64 anos;Masculino;Superior completo;BATURITÉ;FRANCISCO DE ASSIS GERMANO ARRUDA;12;Advogado;PDT;NORDESTE;Eleito;20092;10257;2026-01-19 14:01:28
14516;Branca;Casado(a);40 a 44 anos;Masculino;Superior completo;LAVRAS DA MANGABEIRA;ILDSSER ALENCAR LOPES;15;Médico;PMDB;NORDESTE;Eleito;18532;9938;2026-01-19 14:01:28
98574;Branca;Casado(a);40 a 44 anos;Masculino;Ensino Fundamental completo;VARJOTA;FRANCISCO ELMO BEZERRA MONTE;12;Empresário;PDT;NORDESTE;Não Eleito;12217;5620;2026-01-19 14:01:28
13390;Branca;Casado(a);40 a 44 anos;Masculino;Superior completo;BARRO;HÉRICLES GEORGE FEITOSA ALBUQUERQUE;45;Médico;PSDB;NORDESTE;Não Eleito;12238;5920;2026-01-19 14:01:28
15296;Branca;Solteiro(a);45 a 49 anos;Masculino;Ensino Médio completo;QUIXERAMOBIM;CLÉBIO PAVONE FERREIRA DA SILVA;77;Vereador;SD;NORDESTE;Eleito;44222;24026;2026-01-19 14:01:28
13692;Parda;Solteiro(a);25 a 29 anos;Masculino;Superior incompleto;CASCAVEL;PAULO JOSE MARTINS DE CARVALHO NETO;11;Empresário;PP;NORDESTE;Não Eleito;38230;18086;2026-01-19 14:01:28
15873;Parda;Casado(a);60 a 64 anos;Masculino;Ensino Médio completo;AMONTADA;JOSÉ RABELO PINHEIRO;54;Fiscal;PPL;NORDESTE;Não Eleito;24854;93;2026-01-19 14:01:28
13200;Branca;Casado(a);60 a 64 anos;Masculino;Ensino Médio completo;ERERÊ;LUIZ GONZAGA PESSOA;12;Outros;PDT;NORDESTE;Não Eleito;4324;2048;2026-01-19 14:01:28
13650;Parda;Solteiro(a);55 a 59 anos;Feminino;Superior completo;CARIÚS;ANA MARIA ANTUNES;65;Servidor Público Estadual;PC do B;NORDESTE;Não Eleito;12020;358;2026-01-19 14:01:28
13501;Branca;Solteiro(a);40 a 44 anos;Masculino;Ensino Médio completo;FORTIM;NASELMO DE SOUSA FERREIRA;15;Empresário;PMDB;NORDESTE;Eleito;11697;7318;2026-01-19 14:01:28
13676;Parda;Casado(a);40 a 44 anos;Masculino;Ensino Médio completo;CARNAUBAL;JOSE WELITON SOUZA LEITE;12;Técnico Contabilidade, Estatística, Economia Doméstica e Administração;PDT;NORDESTE;Não Eleito;9975;4898;2026-01-19 14:01:28
15792;Amarela;Casado(a);50 a 54 anos;Masculino;Ensino Médio completo;URUOCA;OLIVER FERNANDES FELIX;77;Empresário;SD;NORDESTE;Não Eleito;9022;4150;2026-01-19 14:01:28
13153;Branca;Casado(a);50 a 54 anos;Masculino;Ensino Médio incompleto;ANTONINA DO NORTE;FRANCISCO ITEILDO ROQUE DE ARAUJO;22;Comerciante;PR;NORDESTE;Não Eleito;5441;2216;2026-01-19 14:01:28
13382;Branca;Casado(a);35 a 39 anos;Masculino;Ensino Médio completo;BANABUIÚ;WALTER SOARES PINHEIRO;31;Empresário;PHS;NORDESTE;Não Eleito;11973;458;2026-01-19 14:01:28
13552;Parda;Casado(a);45 a 49 anos;Masculino;Superior completo;CANINDÉ;FRANCISCO CELSO CRISOSTOMO SECUNDINO;13;Prefeito;PT;NORDESTE;Não Eleito;37114;9320;2026-01-19 14:01:28
15717;Parda;Casado(a);40 a 44 anos;Feminino;Superior incompleto;TRAIRI;REGINA NARA BATISTA PORTO;55;Prefeito;PSD;NORDESTE;Não Eleito;33220;3083;2026-01-19 14:01:28
13099;Branca;Divorciado(a);40 a 44 anos;Feminino;Superior completo;ALCÂNTARAS;CLEUVILÂNDIA MENEZES COSTA MACHADO;35;Professor de Ensino Fundamental;PMB;NORDESTE;Não Eleito;7464;3130;2026-01-19 14:01:28
15474;Branca;Casado(a);35 a 39 anos;Masculino;Ensino Médio completo;SÃO BENEDITO;GADYEL GONCALVES DE AGUIAR PAULA;65;Prefeito;PC do B;NORDESTE;Eleito;26658;14225;2026-01-19 14:01:28
14818;Parda;Solteiro(a);45 a 49 anos;Masculino;Ensino Fundamental incompleto;MUCAMBO;FRANCISCO DAS CHAGAS PARENTE AGUIAR;65;Empresário;PC do B;NORDESTE;Eleito;5558;5558;2026-01-19 14:01:28
15636;Parda;Casado(a);55 a 59 anos;Masculino;Superior completo;TABULEIRO DO NORTE;JOSE MARCONDES MOREIRA;13;Aposentado (Exceto Servidor Público);PT;NORDESTE;Não Eleito;19812;8958;2026-01-19 14:01:28
13480;Branca;Divorciado(a);75 a 79 anos;Masculino;Superior completo;ITAITINGA;ABDIAS PATRICIO OLIVEIRA;12;Advogado;PDT;NORDESTE;Não Eleito;17332;3671;2026-01-19 14:01:28
13242;Branca;Casado(a);35 a 39 anos;Masculino;Superior completo;GUAIÚBA;KAIO VIRGINIO GURGEL NOGUEIRA;12;Prefeito;PDT;NORDESTE;Não Eleito;15888;7163;2026-01-19 14:01:28
14613;Amarela;Casado(a);60 a 64 anos;Masculino;Superior incompleto;MASSAPÊ;JOAO JACQUES CARNEIRO ALBUQUERQUE;15;Empresário;PMDB;NORDESTE;Eleito;23360;12596;2026-01-19 14:01:28
14710;Branca;Solteiro(a);45 a 49 anos;Masculino;Ensino Médio completo;MOMBAÇA;FRANCISCO VALDUIR DA MOTA PADUA;11;Empresário;PP;NORDESTE;Não Eleito;24862;11558;2026-01-19 14:01:28
15598;Parda;Divorciado(a);40 a 44 anos;Feminino;Superior completo;SOBRAL;MARIA JOSE NILDA DE VASCONCELOS OLIVEIRA;50;Artesão;PSOL;NORDESTE;Não Eleito;112569;535;2026-01-19 14:01:28
15857;Parda;Casado(a);50 a 54 anos;Masculino;Superior completo;MARACANAÚ;JOSE FIRMO CAMURÇA NETO;22;Prefeito;PR;NORDESTE;Eleito;112784;81315;2026-01-19 14:01:28
14915;Parda;Casado(a);35 a 39 anos;Masculino;Superior completo;ORÓS;SIMAO PEDRO ALVES PEQUENO;55;Prefeito;PSD;NORDESTE;Eleito;14084;8055;2026-01-19 14:01:28
13080;Parda;Casado(a);75 a 79 anos;Masculino;Superior completo;TURURU;RAIMUNDO SERPA BARROSO;15;Vereador;PMDB;NORDESTE;Não Eleito;11534;4998;2026-01-19 14:01:28
15350;Parda;Casado(a);40 a 44 anos;Masculino;Superior completo;RERIUTABA;CLERTON ASSIS FURTADO;13;Empresário;PT;NORDESTE;Não Eleito;11406;2746;2026-01-19 14:01:28
15113;Branca;Casado(a);65 a 69 anos;Masculino;Ensino Fundamental completo;PEDRA BRANCA;PEDRO VIEIRA FILHO;15;Pecuarista;PMDB;NORDESTE;Não Eleito;26608;9812;2026-01-19 14:01:28
